Trade,New item (needs a price),Taxonomy path
Appliances,Appliances > Dishwasher > Install Drain Line Service Loop / Backflow Prevention,Labor > Appliances > Dishwasher > Install Drain Line Service Loop / Backflow Prevention
Appliances,Appliances > Dishwasher > Install New - Ground Up,Labor > Appliances > Dishwasher > Install New - Ground Up
Appliances,Appliances > Dishwasher > Mount / Secure Dishwasher,Labor > Appliances > Dishwasher > Mount / Secure Dishwasher
Appliances,Appliances > Dishwasher > Repair Leak,Labor > Appliances > Dishwasher > Repair Leak
Appliances,Appliances > Dishwasher > Replace Baskets,Labor > Appliances > Dishwasher > Replace Baskets
Appliances,Appliances > Dishwasher > Replace Control Board,Labor > Appliances > Dishwasher > Replace Control Board
Appliances,Appliances > Dishwasher > Replace Dishwasher,Labor > Appliances > Dishwasher > Replace Dishwasher
Appliances,Appliances > Dishwasher > Replace Drain Line,Labor > Appliances > Dishwasher > Replace Drain Line
Appliances,Appliances > Dishwasher > Replace Power Cord,Labor > Appliances > Dishwasher > Replace Power Cord
Appliances,Appliances > Dishwasher > Replace Pump Motor,Labor > Appliances > Dishwasher > Replace Pump Motor
Appliances,Appliances > Dishwasher > Replace Water Level Sensor,Labor > Appliances > Dishwasher > Replace Water Level Sensor
Appliances,Appliances > Dryer > Haul Off Old Dryer,Labor > Appliances > Dryer > Haul Off Old Dryer
Appliances,Appliances > Dryer > Install / Upgrade Plug Type,Labor > Appliances > Dryer > Install / Upgrade Plug Type
Appliances,Appliances > Dryer > Install New - Ground Up,Labor > Appliances > Dryer > Install New - Ground Up
Appliances,Appliances > Dryer > Replace Belt,Labor > Appliances > Dryer > Replace Belt
Appliances,Appliances > Dryer > Replace Heating Elements,Labor > Appliances > Dryer > Replace Heating Elements
Appliances,Appliances > Dryer > Replace Knobs,Labor > Appliances > Dryer > Replace Knobs
Appliances,Appliances > Freezer > Clean Coils & Heat Exchanger,Labor > Appliances > Freezer > Clean Coils & Heat Exchanger
Appliances,Appliances > Freezer > Install / Replace,Labor > Appliances > Freezer > Install / Replace
Appliances,Appliances > Full Range (Cooktop + Oven) > Haul Away Old Range,Labor > Appliances > Full Range (Cooktop + Oven) > Haul Away Old Range
Appliances,Appliances > Full Range (Cooktop + Oven) > Install New Range - Free Standing,Labor > Appliances > Full Range (Cooktop + Oven) > Install New Range - Free Standing
Appliances,Appliances > Full Range (Cooktop + Oven) > Level Range,Labor > Appliances > Full Range (Cooktop + Oven) > Level Range
Appliances,Appliances > Full Range (Cooktop + Oven) > Repair Broiler Drawer Rails,Labor > Appliances > Full Range (Cooktop + Oven) > Repair Broiler Drawer Rails
Appliances,Appliances > Full Range (Cooktop + Oven) > Replace Burner,Labor > Appliances > Full Range (Cooktop + Oven) > Replace Burner
Appliances,Appliances > Full Range (Cooktop + Oven) > Replace Drip Pans,Labor > Appliances > Full Range (Cooktop + Oven) > Replace Drip Pans
Appliances,Appliances > Full Range (Cooktop + Oven) > Replace Electric Coil,Labor > Appliances > Full Range (Cooktop + Oven) > Replace Electric Coil
Appliances,Appliances > Full Range (Cooktop + Oven) > Replace Knob,Labor > Appliances > Full Range (Cooktop + Oven) > Replace Knob
Appliances,Appliances > Full Range (Cooktop + Oven) > Replace Oven Door,Labor > Appliances > Full Range (Cooktop + Oven) > Replace Oven Door
Appliances,Appliances > Microwave > Install New - Ground Up,Labor > Appliances > Microwave > Install New - Ground Up
Appliances,Appliances > Microwave > Replace Bulb,Labor > Appliances > Microwave > Replace Bulb
Appliances,Appliances > Microwave > Replace Door,Labor > Appliances > Microwave > Replace Door
Appliances,Appliances > Microwave > Replace Fuse,Labor > Appliances > Microwave > Replace Fuse
Appliances,Appliances > Microwave > Replace Turntable,Labor > Appliances > Microwave > Replace Turntable
Appliances,Appliances > Range Hood > Install New - Ground Up,Labor > Appliances > Range Hood > Install New - Ground Up
Appliances,Appliances > Refrigerator > Clean & Blow Out Coils / Heat Exchanger,Labor > Appliances > Refrigerator > Clean & Blow Out Coils / Heat Exchanger
Appliances,Appliances > Refrigerator > Haul Away Old Refrigerator,Labor > Appliances > Refrigerator > Haul Away Old Refrigerator
Appliances,Appliances > Refrigerator > Install External Water Filter - Ground Up,Labor > Appliances > Refrigerator > Install External Water Filter - Ground Up
Appliances,Appliances > Refrigerator > Repair Water / Ice Dispenser,Labor > Appliances > Refrigerator > Repair Water / Ice Dispenser
Appliances,Appliances > Refrigerator > Replace Air Filter,Labor > Appliances > Refrigerator > Replace Air Filter
Appliances,Appliances > Refrigerator > Replace Water / Ice Dispenser,Labor > Appliances > Refrigerator > Replace Water / Ice Dispenser
Appliances,Appliances > Refrigerator > Run & Install Supply Line - Ground Up,Labor > Appliances > Refrigerator > Run & Install Supply Line - Ground Up
Appliances,Appliances > Standalone Cooktop > Install New - Ground Up,Labor > Appliances > Standalone Cooktop > Install New - Ground Up
Appliances,Appliances > Standalone Cooktop > Replace Burner,Labor > Appliances > Standalone Cooktop > Replace Burner
Appliances,Appliances > Standalone Cooktop > Replace Coil,Labor > Appliances > Standalone Cooktop > Replace Coil
Appliances,Appliances > Standalone Cooktop > Replace Drip Pans,Labor > Appliances > Standalone Cooktop > Replace Drip Pans
Appliances,Appliances > Standalone Or Double Oven > Install Built In Oven - Ground Up,Labor > Appliances > Standalone Or Double Oven > Install Built In Oven - Ground Up
Appliances,Appliances > Standalone Or Double Oven > Replace Built In Oven,Labor > Appliances > Standalone Or Double Oven > Replace Built In Oven
Appliances,Appliances > Standalone Or Double Oven > Replace Oven Door,Labor > Appliances > Standalone Or Double Oven > Replace Oven Door
Appliances,Appliances > Trash Compactor > Install New - Ground Up,Labor > Appliances > Trash Compactor > Install New - Ground Up
Appliances,Appliances > Trash Compactor > Replace,Labor > Appliances > Trash Compactor > Replace
Appliances,Appliances > Trash Compactor > Secure To Cabinet,Labor > Appliances > Trash Compactor > Secure To Cabinet
Appliances,Appliances > Washing Machine > Install New - Ground Up,Labor > Appliances > Washing Machine > Install New - Ground Up
Appliances,Appliances > Washing Machine > Remove Debris From Trap,Labor > Appliances > Washing Machine > Remove Debris From Trap
Appliances,Appliances > Washing Machine > Replace Knobs,Labor > Appliances > Washing Machine > Replace Knobs
Appliances,Appliances > Washing Machine > Replace Plug,Labor > Appliances > Washing Machine > Replace Plug
Appliances,Appliances > Washing Machine > Replace Pump,Labor > Appliances > Washing Machine > Replace Pump
Appliances,Appliances > Washing Machine > Replace Water Level Sensor,Labor > Appliances > Washing Machine > Replace Water Level Sensor
Cabinets,Cabinets > Caulk Countertops,Labor > Cabinets > Caulk Countertops
Cabinets,Cabinets > Install New - Ground Up - Bathroom Medicine,Labor > Cabinets > Install New - Ground Up - Bathroom Medicine
Cabinets,Cabinets > Install New - Ground Up - Bathroom Vanity,Labor > Cabinets > Install New - Ground Up - Bathroom Vanity
Cabinets,Cabinets > Install New - Ground Up - Kitchen Base,Labor > Cabinets > Install New - Ground Up - Kitchen Base
Cabinets,Cabinets > Install New - Ground Up - Kitchen Pantry,Labor > Cabinets > Install New - Ground Up - Kitchen Pantry
Cabinets,Cabinets > Install New - Ground Up - Kitchen Upper,Labor > Cabinets > Install New - Ground Up - Kitchen Upper
Cabinets,Cabinets > Install New Countertops - Ground Up,Labor > Cabinets > Install New Countertops - Ground Up
Cabinets,Cabinets > Install New Door / Drawer Pulls - Ground Up,Labor > Cabinets > Install New Door / Drawer Pulls - Ground Up
Cabinets,Cabinets > Remove Permanently,Labor > Cabinets > Remove Permanently
Cabinets,Cabinets > Repair Drawer Front,Labor > Cabinets > Repair Drawer Front
Cabinets,Cabinets > Repair Drawer Rail,Labor > Cabinets > Repair Drawer Rail
Cabinets,Cabinets > Repair Hinge,Labor > Cabinets > Repair Hinge
Cabinets,Cabinets > Replace - Bathroom Medicine,Labor > Cabinets > Replace - Bathroom Medicine
Cabinets,Cabinets > Replace - Kitchen Base,Labor > Cabinets > Replace - Kitchen Base
Cabinets,Cabinets > Replace - Kitchen Pantry,Labor > Cabinets > Replace - Kitchen Pantry
Cabinets,Cabinets > Replace - Kitchen Upper,Labor > Cabinets > Replace - Kitchen Upper
Cabinets,Cabinets > Replace Cabinet Bottom - Full,Labor > Cabinets > Replace Cabinet Bottom - Full
Cabinets,Cabinets > Replace Cabinet Bottom - Overlay,Labor > Cabinets > Replace Cabinet Bottom - Overlay
Cabinets,Cabinets > Replace Countertops,Labor > Cabinets > Replace Countertops
Cabinets,Cabinets > Replace Drawer Front,Labor > Cabinets > Replace Drawer Front
Cabinets,Cabinets > Replace Drawer Rail,Labor > Cabinets > Replace Drawer Rail
Cabinets,Cabinets > Replace Hinge,Labor > Cabinets > Replace Hinge
Cabinets,Cabinets > Secure,Labor > Cabinets > Secure
Carpentry,Carpentry > Build Deck - Ground Up,Labor > Carpentry > Build Deck - Ground Up
Carpentry,Carpentry > Fill / Repair Rotten Fascia,Labor > Carpentry > Fill / Repair Rotten Fascia
Carpentry,Carpentry > Install Bannister,Labor > Carpentry > Install Bannister
Carpentry,Carpentry > Install Baseboard / Ground Up,Labor > Carpentry > Install Baseboard / Ground Up
Carpentry,Carpentry > Install Chair Rail - Ground Up,Labor > Carpentry > Install Chair Rail - Ground Up
Carpentry,Carpentry > Install Crown Molding - Ground Up,Labor > Carpentry > Install Crown Molding - Ground Up
Carpentry,Carpentry > Install Door Casing - Ground Up - Exterior,Labor > Carpentry > Install Door Casing - Ground Up - Exterior
Carpentry,Carpentry > Install Door Casing - Ground Up - Interior,Labor > Carpentry > Install Door Casing - Ground Up - Interior
Carpentry,Carpentry > Install Hand Rails,Labor > Carpentry > Install Hand Rails
Carpentry,Carpentry > Install Siding,Labor > Carpentry > Install Siding
Carpentry,Carpentry > Install Wainscott - Ground Up,Labor > Carpentry > Install Wainscott - Ground Up
Carpentry,Carpentry > Rebuild Deck - Replace Rotten Components,Labor > Carpentry > Rebuild Deck - Replace Rotten Components
Carpentry,Carpentry > Repair Bannister,Labor > Carpentry > Repair Bannister
Carpentry,Carpentry > Repair Hand Rails,Labor > Carpentry > Repair Hand Rails
Carpentry,Carpentry > Replace Crown Molding,Labor > Carpentry > Replace Crown Molding
Carpentry,Carpentry > Replace Door Casing - Ground Up - Exterior,Labor > Carpentry > Replace Door Casing - Ground Up - Exterior
Carpentry,Carpentry > Replace Porch Post,Labor > Carpentry > Replace Porch Post
Carpentry,Carpentry > Replace Rotten Fascia,Labor > Carpentry > Replace Rotten Fascia
Carpentry,Carpentry > Replace Siding,Labor > Carpentry > Replace Siding
Carpentry,Carpentry > Stairs - Interior - Rebuild Treads & Risers,Labor > Carpentry > Stairs - Interior - Rebuild Treads & Risers
Cleaning,Cleaning,Labor > Cleaning
Data / Cable / Ethernet,Data / Cable / Ethernet > Install Audio Cable Jacks,Labor > Data / Cable / Ethernet > Install Audio Cable Jacks
Data / Cable / Ethernet,Data / Cable / Ethernet > Install Cable Jack - Ground Up,Labor > Data / Cable / Ethernet > Install Cable Jack - Ground Up
Data / Cable / Ethernet,Data / Cable / Ethernet > Install Data Jack - Ground Up,Labor > Data / Cable / Ethernet > Install Data Jack - Ground Up
Data / Cable / Ethernet,Data / Cable / Ethernet > Install New Video Cable Jacks,Labor > Data / Cable / Ethernet > Install New Video Cable Jacks
Data / Cable / Ethernet,Data / Cable / Ethernet > Replace Cable Jack,Labor > Data / Cable / Ethernet > Replace Cable Jack
Data / Cable / Ethernet,Data / Cable / Ethernet > Replace Data Jack,Labor > Data / Cable / Ethernet > Replace Data Jack
Data / Cable / Ethernet,Data / Cable / Ethernet > Run New Audio Cable,Labor > Data / Cable / Ethernet > Run New Audio Cable
Data / Cable / Ethernet,Data / Cable / Ethernet > Run New Cable Lines,Labor > Data / Cable / Ethernet > Run New Cable Lines
Data / Cable / Ethernet,Data / Cable / Ethernet > Run New Data Lines,Labor > Data / Cable / Ethernet > Run New Data Lines
Data / Cable / Ethernet,Data / Cable / Ethernet > Run New Video Data Cables,Labor > Data / Cable / Ethernet > Run New Video Data Cables
Doors,Doors > Exterior > French > Adjustment Only,Labor > Doors > Exterior > French > Adjustment Only
Doors,Doors > Exterior > French > Install Accessory Locks,Labor > Doors > Exterior > French > Install Accessory Locks
Doors,Doors > Exterior > French > Install Alarm,Labor > Doors > Exterior > French > Install Alarm
Doors,Doors > Exterior > French > Install New - Ground Up,Labor > Doors > Exterior > French > Install New - Ground Up
Doors,Doors > Exterior > French > Install New - Replacement - Pre-Hung,Labor > Doors > Exterior > French > Install New - Replacement - Pre-Hung
Doors,Doors > Exterior > French > Install New - Replacment - Slab Only (Each),Labor > Doors > Exterior > French > Install New - Replacment - Slab Only (Each)
Doors,Doors > Exterior > French > Replace Bottom Seal (Each),Labor > Doors > Exterior > French > Replace Bottom Seal (Each)
Doors,Doors > Exterior > French > Replace Deadbolt,Labor > Doors > Exterior > French > Replace Deadbolt
Doors,Doors > Exterior > French > Replace Doorknob / Lever / Handle,Labor > Doors > Exterior > French > Replace Doorknob / Lever / Handle
Doors,Doors > Exterior > French > Replace Slider Bolt Latch,Labor > Doors > Exterior > French > Replace Slider Bolt Latch
Doors,Doors > Exterior > French > Replace Sweep (Each),Labor > Doors > Exterior > French > Replace Sweep (Each)
Doors,Doors > Exterior > French > Replace Threshold,Labor > Doors > Exterior > French > Replace Threshold
Doors,Doors > Exterior > French > Replace Weather Stripping,Labor > Doors > Exterior > French > Replace Weather Stripping
Doors,Doors > Exterior > Garage > Adjust / Align Safety Sensors,Labor > Doors > Exterior > Garage > Adjust / Align Safety Sensors
Doors,Doors > Exterior > Garage > Clean And Lube Tracks,Labor > Doors > Exterior > Garage > Clean And Lube Tracks
Doors,Doors > Exterior > Garage > Install New - Ground Up,Labor > Doors > Exterior > Garage > Install New - Ground Up
Doors,Doors > Exterior > Garage > Paint Door,Labor > Doors > Exterior > Garage > Paint Door
Doors,Doors > Exterior > Garage > Replace All Panels,Labor > Doors > Exterior > Garage > Replace All Panels
Doors,Doors > Exterior > Garage > Replace Locking / Latching Mechanism,Labor > Doors > Exterior > Garage > Replace Locking / Latching Mechanism
Doors,Doors > Exterior > Garage > Replace Motor,Labor > Doors > Exterior > Garage > Replace Motor
Doors,Doors > Exterior > Garage > Replace Panel (Single),Labor > Doors > Exterior > Garage > Replace Panel (Single)
Doors,Doors > Exterior > Garage > Replace Track,Labor > Doors > Exterior > Garage > Replace Track
Doors,Doors > Exterior > Garage > Replace Weather Stripping / Exterior Trim,Labor > Doors > Exterior > Garage > Replace Weather Stripping / Exterior Trim
Doors,Doors > Exterior > Hinged Screen > Adjustment Only,Labor > Doors > Exterior > Hinged Screen > Adjustment Only
Doors,Doors > Exterior > Hinged Screen > Install / Replace Pneumatic Door Closer,Labor > Doors > Exterior > Hinged Screen > Install / Replace Pneumatic Door Closer
Doors,Doors > Exterior > Hinged Screen > Install / Replace Spring / Chain Assembly,Labor > Doors > Exterior > Hinged Screen > Install / Replace Spring / Chain Assembly
Doors,Doors > Exterior > Hinged Screen > Install New - Ground Up,Labor > Doors > Exterior > Hinged Screen > Install New - Ground Up
Doors,Doors > Exterior > Hinged Screen > Install New - Replacement,Labor > Doors > Exterior > Hinged Screen > Install New - Replacement
Doors,Doors > Exterior > Hinged Screen > Replace Handle,Labor > Doors > Exterior > Hinged Screen > Replace Handle
Doors,Doors > Exterior > Security > Adjustment Only,Labor > Doors > Exterior > Security > Adjustment Only
Doors,Doors > Exterior > Security > Install New - Ground Up,Labor > Doors > Exterior > Security > Install New - Ground Up
Doors,Doors > Exterior > Security > Install New - Replacement,Labor > Doors > Exterior > Security > Install New - Replacement
Doors,Doors > Exterior > Security > Replace Deadbolt,Labor > Doors > Exterior > Security > Replace Deadbolt
Doors,Doors > Exterior > Security > Replace Doorknob / Lever / Handle,Labor > Doors > Exterior > Security > Replace Doorknob / Lever / Handle
Doors,Doors > Exterior > Sliding Glass > Clean And Lubricate Track,Labor > Doors > Exterior > Sliding Glass > Clean And Lubricate Track
Doors,Doors > Exterior > Sliding Glass > Install Alarm,Labor > Doors > Exterior > Sliding Glass > Install Alarm
Doors,Doors > Exterior > Sliding Glass > Install New - Fixed Pane,Labor > Doors > Exterior > Sliding Glass > Install New - Fixed Pane
Doors,Doors > Exterior > Sliding Glass > Install New - Full Replacement,Labor > Doors > Exterior > Sliding Glass > Install New - Full Replacement
Doors,Doors > Exterior > Sliding Glass > Install New - Ground Up,Labor > Doors > Exterior > Sliding Glass > Install New - Ground Up
Doors,Doors > Exterior > Sliding Glass > Install New - Slider Pane,Labor > Doors > Exterior > Sliding Glass > Install New - Slider Pane
Doors,Doors > Exterior > Sliding Glass > Install Secondary Pin Lock,Labor > Doors > Exterior > Sliding Glass > Install Secondary Pin Lock
Doors,Doors > Exterior > Sliding Glass > Replace Handle / Latch Assembly,Labor > Doors > Exterior > Sliding Glass > Replace Handle / Latch Assembly
Doors,Doors > Exterior > Sliding Glass > Replace Mortise Style Latch,Labor > Doors > Exterior > Sliding Glass > Replace Mortise Style Latch
Doors,Doors > Exterior > Sliding Glass > Replace Wheels,Labor > Doors > Exterior > Sliding Glass > Replace Wheels
Doors,Doors > Exterior > Sliding Screen > Adjustment Only,Labor > Doors > Exterior > Sliding Screen > Adjustment Only
Doors,Doors > Exterior > Sliding Screen > Install New,Labor > Doors > Exterior > Sliding Screen > Install New
Doors,Doors > Exterior > Standard Slab > Adjust To Latch And Lock Smoothly,Labor > Doors > Exterior > Standard Slab > Adjust To Latch And Lock Smoothly
Doors,Doors > Exterior > Standard Slab > Install / Replace / Adjust Self Closing Hinge,Labor > Doors > Exterior > Standard Slab > Install / Replace / Adjust Self Closing Hinge
Doors,Doors > Exterior > Standard Slab > Install Alarm,Labor > Doors > Exterior > Standard Slab > Install Alarm
Doors,Doors > Exterior > Standard Slab > Install Knocker,Labor > Doors > Exterior > Standard Slab > Install Knocker
Doors,Doors > Exterior > Standard Slab > Install New (Pre-Hung),Labor > Doors > Exterior > Standard Slab > Install New (Pre-Hung)
Doors,Doors > Exterior > Standard Slab > Install New (Slab Only),Labor > Doors > Exterior > Standard Slab > Install New (Slab Only)
Doors,Doors > Exterior > Standard Slab > Install New - Ground Up,Labor > Doors > Exterior > Standard Slab > Install New - Ground Up
Doors,Doors > Exterior > Standard Slab > Install Peephole,Labor > Doors > Exterior > Standard Slab > Install Peephole
Doors,Doors > Exterior > Standard Slab > Install Security Sleeve,Labor > Doors > Exterior > Standard Slab > Install Security Sleeve
Doors,Doors > Exterior > Standard Slab > Install Security Strike Plate Or Reinforcement,Labor > Doors > Exterior > Standard Slab > Install Security Strike Plate Or Reinforcement
Doors,Doors > Exterior > Standard Slab > Mortise For Doorknob Or Deadbolt,Labor > Doors > Exterior > Standard Slab > Mortise For Doorknob Or Deadbolt
Doors,Doors > Exterior > Standard Slab > Rekey,Labor > Doors > Exterior > Standard Slab > Rekey
Doors,Doors > Exterior > Standard Slab > Repair / Replace Hinge,Labor > Doors > Exterior > Standard Slab > Repair / Replace Hinge
Doors,Doors > Exterior > Standard Slab > Replace Bolt For Deadbolt,Labor > Doors > Exterior > Standard Slab > Replace Bolt For Deadbolt
Doors,Doors > Exterior > Standard Slab > Replace Deadbolt,Labor > Doors > Exterior > Standard Slab > Replace Deadbolt
Doors,Doors > Exterior > Standard Slab > Replace Doorknob / Lever / Handle,Labor > Doors > Exterior > Standard Slab > Replace Doorknob / Lever / Handle
Doors,Doors > Exterior > Standard Slab > Replace Latch For Doorknob,Labor > Doors > Exterior > Standard Slab > Replace Latch For Doorknob
Doors,Doors > Exterior > Standard Slab > Replace Sweep,Labor > Doors > Exterior > Standard Slab > Replace Sweep
Doors,Doors > Exterior > Standard Slab > Replace Threshold,Labor > Doors > Exterior > Standard Slab > Replace Threshold
Doors,Doors > Exterior > Standard Slab > Replace Weather Stripping,Labor > Doors > Exterior > Standard Slab > Replace Weather Stripping
Doors,Doors > Exterior > Storm > Adjustment Only,Labor > Doors > Exterior > Storm > Adjustment Only
Doors,Doors > Exterior > Storm > Install New - Ground Up,Labor > Doors > Exterior > Storm > Install New - Ground Up
Doors,Doors > Exterior > Storm > Install New - Replacment,Labor > Doors > Exterior > Storm > Install New - Replacment
Doors,Doors > Exterior > Storm > Install Or Replace Pneumatic Closer,Labor > Doors > Exterior > Storm > Install Or Replace Pneumatic Closer
Doors,Doors > Exterior > Storm > Install Or Replace Spring & Chain,Labor > Doors > Exterior > Storm > Install Or Replace Spring & Chain
Doors,Doors > Exterior > Storm > Replace Glass / Plexiglass,Labor > Doors > Exterior > Storm > Replace Glass / Plexiglass
Doors,Doors > Exterior > Storm > Replace Handle / Lock / Latch,Labor > Doors > Exterior > Storm > Replace Handle / Lock / Latch
Doors,Doors > Interior > Accordion > Adjust Only,Labor > Doors > Interior > Accordion > Adjust Only
Doors,Doors > Interior > Accordion > Install New - Ground Up,Labor > Doors > Interior > Accordion > Install New - Ground Up
Doors,Doors > Interior > Accordion > Replace Door (Accordion Only),Labor > Doors > Interior > Accordion > Replace Door (Accordion Only)
Doors,Doors > Interior > Accordion > Replace Latching / Locking Mechanism,Labor > Doors > Interior > Accordion > Replace Latching / Locking Mechanism
Doors,Doors > Interior > Barn > Adjust Only,Labor > Doors > Interior > Barn > Adjust Only
Doors,Doors > Interior > Barn > Install New - Ground Up,Labor > Doors > Interior > Barn > Install New - Ground Up
Doors,Doors > Interior > Barn > Replace Hardware (All),Labor > Doors > Interior > Barn > Replace Hardware (All)
Doors,Doors > Interior > Bifold > Adjust Only,Labor > Doors > Interior > Bifold > Adjust Only
Doors,Doors > Interior > Bifold > Install Knob (Each),Labor > Doors > Interior > Bifold > Install Knob (Each)
Doors,Doors > Interior > Bifold > Install New Assembly - Ground Up (Each),Labor > Doors > Interior > Bifold > Install New Assembly - Ground Up (Each)
Doors,Doors > Interior > Bifold > Replace All Hardware (Each),Labor > Doors > Interior > Bifold > Replace All Hardware (Each)
Doors,Doors > Interior > Bifold > Replace Door Assembly (Each),Labor > Doors > Interior > Bifold > Replace Door Assembly (Each)
Doors,Doors > Interior > Bifold > Replace Headrail (Each),Labor > Doors > Interior > Bifold > Replace Headrail (Each)
Doors,Doors > Interior > Bypass > Adjust Only,Labor > Doors > Interior > Bypass > Adjust Only
Doors,Doors > Interior > Bypass > Install Flush Door Pull,Labor > Doors > Interior > Bypass > Install Flush Door Pull
Doors,Doors > Interior > Bypass > Install New - Ground Up,Labor > Doors > Interior > Bypass > Install New - Ground Up
Doors,Doors > Interior > Bypass > Replace Door (Each),Labor > Doors > Interior > Bypass > Replace Door (Each)
Doors,Doors > Interior > Pocket > Repair Or Adjust Stuck Door,Labor > Doors > Interior > Pocket > Repair Or Adjust Stuck Door
Doors,Doors > Interior > Pocket > Replace Handle / Latch Mechanism,Labor > Doors > Interior > Pocket > Replace Handle / Latch Mechanism
Doors,Doors > Interior > Shower > Bypass > Adjust Only,Labor > Doors > Interior > Shower > Bypass > Adjust Only
Doors,Doors > Interior > Shower > Bypass > Install New - Ground Up,Labor > Doors > Interior > Shower > Bypass > Install New - Ground Up
Doors,Doors > Interior > Shower > Bypass > Replace Bumpers,Labor > Doors > Interior > Shower > Bypass > Replace Bumpers
Doors,Doors > Interior > Shower > Bypass > Replace Handle,Labor > Doors > Interior > Shower > Bypass > Replace Handle
Doors,Doors > Interior > Shower > Hinged > Adjust Only,Labor > Doors > Interior > Shower > Hinged > Adjust Only
Doors,Doors > Interior > Shower > Hinged > Install New - Ground Up,Labor > Doors > Interior > Shower > Hinged > Install New - Ground Up
Doors,Doors > Interior > Shower > Hinged > Replace Door (Each),Labor > Doors > Interior > Shower > Hinged > Replace Door (Each)
Doors,Doors > Interior > Shower > Hinged > Replace Handle,Labor > Doors > Interior > Shower > Hinged > Replace Handle
Doors,Doors > Interior > Shower > Hinged > Replace Latch / Magnet,Labor > Doors > Interior > Shower > Hinged > Replace Latch / Magnet
Doors,Doors > Interior > Shower > Hinged > Replace Trim / Strips,Labor > Doors > Interior > Shower > Hinged > Replace Trim / Strips
Doors,Doors > Interior > Standard Slab > Install New - Ground Up,Labor > Doors > Interior > Standard Slab > Install New - Ground Up
Doors,Doors > Interior > Standard Slab > Repair / Replace Hinge,Labor > Doors > Interior > Standard Slab > Repair / Replace Hinge
Doors,Doors > Interior > Standard Slab > Replace Door (Pre-Hung),Labor > Doors > Interior > Standard Slab > Replace Door (Pre-Hung)
Doors,Doors > Miscellaneous > Install Doorstop,Labor > Doors > Miscellaneous > Install Doorstop
Electrical,Electrical > Bulbs > Specialty - Replace,Labor > Electrical > Bulbs > Specialty - Replace
Electrical,Electrical > Distribution > Install / Replace Weatherproof Gang Box,Labor > Electrical > Distribution > Install / Replace Weatherproof Gang Box
Electrical,Electrical > Distribution > Install Ceiling Fan Rated Box,Labor > Electrical > Distribution > Install Ceiling Fan Rated Box
Electrical,Electrical > Distribution > Replace / Install AFCI Breaker,Labor > Electrical > Distribution > Replace / Install AFCI Breaker
Electrical,Electrical > Distribution > Replace / Install Double Pole Breaker,Labor > Electrical > Distribution > Replace / Install Double Pole Breaker
Electrical,Electrical > Distribution > Replace / Install GFCI Breaker,Labor > Electrical > Distribution > Replace / Install GFCI Breaker
Electrical,Electrical > Distribution > Replace / Install Gang Box,Labor > Electrical > Distribution > Replace / Install Gang Box
Electrical,Electrical > Distribution > Replace / Install Junction Box,Labor > Electrical > Distribution > Replace / Install Junction Box
Electrical,Electrical > Distribution > Replace / Install Single Pole Circuit Breaker,Labor > Electrical > Distribution > Replace / Install Single Pole Circuit Breaker
Electrical,Electrical > Distribution > Replace Fuse,Labor > Electrical > Distribution > Replace Fuse
Electrical,Electrical > Distribution > Reset Breaker,Labor > Electrical > Distribution > Reset Breaker
Electrical,Electrical > Distribution > Run New Conduit,Labor > Electrical > Distribution > Run New Conduit
Electrical,Electrical > Distribution > Run New Leg From Panel,Labor > Electrical > Distribution > Run New Leg From Panel
Electrical,Electrical > Distribution > Troubleshoot / Diagonose,Labor > Electrical > Distribution > Troubleshoot / Diagonose
Electrical,Electrical > Doorbells > Smart > Install Smart Doorbell - Ground Up,Labor > Electrical > Doorbells > Smart > Install Smart Doorbell - Ground Up
Electrical,Electrical > Doorbells > Smart > Program Smart Doorbell,Labor > Electrical > Doorbells > Smart > Program Smart Doorbell
Electrical,Electrical > Doorbells > Smart > Remove Smart Doorbell,Labor > Electrical > Doorbells > Smart > Remove Smart Doorbell
Electrical,Electrical > Doorbells > Smart > Replace Smart Doorbell,Labor > Electrical > Doorbells > Smart > Replace Smart Doorbell
Electrical,Electrical > Doorbells > Wired > Diagnose / Troubleshoot,Labor > Electrical > Doorbells > Wired > Diagnose / Troubleshoot
Electrical,Electrical > Doorbells > Wired > Install New System - Ground Up,Labor > Electrical > Doorbells > Wired > Install New System - Ground Up
Electrical,Electrical > Doorbells > Wired > Repair Chimes In Chime Box,Labor > Electrical > Doorbells > Wired > Repair Chimes In Chime Box
Electrical,Electrical > Doorbells > Wired > Repair Wiring - Chime Box,Labor > Electrical > Doorbells > Wired > Repair Wiring - Chime Box
Electrical,Electrical > Doorbells > Wired > Repair Wiring - Pushbutton,Labor > Electrical > Doorbells > Wired > Repair Wiring - Pushbutton
Electrical,Electrical > Doorbells > Wired > Repair Wiring - Transformer,Labor > Electrical > Doorbells > Wired > Repair Wiring - Transformer
Electrical,Electrical > Doorbells > Wired > Replace Pushbutton,Labor > Electrical > Doorbells > Wired > Replace Pushbutton
Electrical,Electrical > Doorbells > Wired > Run New Wiring,Labor > Electrical > Doorbells > Wired > Run New Wiring
Electrical,Electrical > Doorbells > Wireless > Diagnose / Troubleshoot,Labor > Electrical > Doorbells > Wireless > Diagnose / Troubleshoot
Electrical,Electrical > Doorbells > Wireless > Install New - Ground Up,Labor > Electrical > Doorbells > Wireless > Install New - Ground Up
Electrical,Electrical > Doorbells > Wireless > Replace Chime Box Batteries,Labor > Electrical > Doorbells > Wireless > Replace Chime Box Batteries
Electrical,Electrical > Doorbells > Wireless > Replace Pushbutton Batteries,Labor > Electrical > Doorbells > Wireless > Replace Pushbutton Batteries
Electrical,Electrical > Doorbells > Wireless > Replace Repeater Batteries,Labor > Electrical > Doorbells > Wireless > Replace Repeater Batteries
Electrical,Electrical > Doorbells > Wireless > Replace Wireless Chime Box,Labor > Electrical > Doorbells > Wireless > Replace Wireless Chime Box
Electrical,Electrical > Doorbells > Wireless > Replace Wireless Pushbutton,Labor > Electrical > Doorbells > Wireless > Replace Wireless Pushbutton
Electrical,Electrical > Doorbells > Wireless > Replace Wireless Repeater,Labor > Electrical > Doorbells > Wireless > Replace Wireless Repeater
Electrical,Electrical > Doorbells > Wireless > Reprogram,Labor > Electrical > Doorbells > Wireless > Reprogram
Electrical,Electrical > Doorbells > Wireless > Secure Chime Box,Labor > Electrical > Doorbells > Wireless > Secure Chime Box
Electrical,Electrical > Doorbells > Wireless > Secure Pushbutton,Labor > Electrical > Doorbells > Wireless > Secure Pushbutton
Electrical,Electrical > Doorbells > Wireless > Secure Repeater,Labor > Electrical > Doorbells > Wireless > Secure Repeater
Electrical,Electrical > Exhaust Fans > Install New - Ground Up,Labor > Electrical > Exhaust Fans > Install New - Ground Up
Electrical,Electrical > Exhaust Fans > Replace Bulb,Labor > Electrical > Exhaust Fans > Replace Bulb
Electrical,Electrical > Exhaust Fans > Replace Cover,Labor > Electrical > Exhaust Fans > Replace Cover
Electrical,Electrical > Exhaust Fans > Replace Fan Wheel / Blade,Labor > Electrical > Exhaust Fans > Replace Fan Wheel / Blade
Electrical,Electrical > Lighting > Can / Recessed > Diagnose / Troubleshoot,Labor > Electrical > Lighting > Can / Recessed > Diagnose / Troubleshoot
Electrical,Electrical > Lighting > Can / Recessed > Install New - Ground Up,Labor > Electrical > Lighting > Can / Recessed > Install New - Ground Up
Electrical,Electrical > Lighting > Can / Recessed > Secure,Labor > Electrical > Lighting > Can / Recessed > Secure
Electrical,Electrical > Lighting > Ceiling Fan > Balance,Labor > Electrical > Lighting > Ceiling Fan > Balance
Electrical,"Electrical > Lighting > Ceiling Fan > Diagnose / Troubleshoot,","Labor > Electrical > Lighting > Ceiling Fan > Diagnose / Troubleshoot,"
Electrical,Electrical > Lighting > Ceiling Fan > Install / Replace Downrod,Labor > Electrical > Lighting > Ceiling Fan > Install / Replace Downrod
Electrical,Electrical > Lighting > Ceiling Fan > Install Light Kit,Labor > Electrical > Lighting > Ceiling Fan > Install Light Kit
Electrical,Electrical > Lighting > Ceiling Fan > Install Medallion,Labor > Electrical > Lighting > Ceiling Fan > Install Medallion
Electrical,Electrical > Lighting > Ceiling Fan > Install Remodel Box,Labor > Electrical > Lighting > Ceiling Fan > Install Remodel Box
Electrical,Electrical > Lighting > Ceiling Fan > Install Remote & Receiver - Ground Up,Labor > Electrical > Lighting > Ceiling Fan > Install Remote & Receiver - Ground Up
Electrical,Electrical > Lighting > Ceiling Fan > Replace Globes / Shades,Labor > Electrical > Lighting > Ceiling Fan > Replace Globes / Shades
Electrical,Electrical > Lighting > Ceiling Fan > Replace LED Light Assembly,Labor > Electrical > Lighting > Ceiling Fan > Replace LED Light Assembly
Electrical,Electrical > Lighting > Ceiling Fan > Replace Pull Chain Switch For Fan,Labor > Electrical > Lighting > Ceiling Fan > Replace Pull Chain Switch For Fan
Electrical,Electrical > Lighting > Ceiling Fan > Replace Pull Switch For Light,Labor > Electrical > Lighting > Ceiling Fan > Replace Pull Switch For Light
Electrical,Electrical > Lighting > Ceiling Fan > Replace Remote / Receiver,Labor > Electrical > Lighting > Ceiling Fan > Replace Remote / Receiver
Electrical,Electrical > Lighting > Ceiling Fan > Reporgram Remote / Receiver,Labor > Electrical > Lighting > Ceiling Fan > Reporgram Remote / Receiver
Electrical,Electrical > Lighting > Ceiling Fan > Secure Fan / Blades,Labor > Electrical > Lighting > Ceiling Fan > Secure Fan / Blades
Electrical,Electrical > Lighting > Chandelier > Adjust Length,Labor > Electrical > Lighting > Chandelier > Adjust Length
Electrical,Electrical > Lighting > Chandelier > Diagnose / Troubleshoot,Labor > Electrical > Lighting > Chandelier > Diagnose / Troubleshoot
Electrical,Electrical > Lighting > Chandelier > Install New - Ground Up,Labor > Electrical > Lighting > Chandelier > Install New - Ground Up
Electrical,Electrical > Lighting > Chandelier > Secure,Labor > Electrical > Lighting > Chandelier > Secure
Electrical,Electrical > Lighting > Dome > Diagnose / Troubleshoot,Labor > Electrical > Lighting > Dome > Diagnose / Troubleshoot
Electrical,Electrical > Lighting > Dome > Install New - Ground Up,Labor > Electrical > Lighting > Dome > Install New - Ground Up
Electrical,Electrical > Lighting > Dome > Replace Globe,Labor > Electrical > Lighting > Dome > Replace Globe
Electrical,Electrical > Lighting > Dome > Secure,Labor > Electrical > Lighting > Dome > Secure
Electrical,Electrical > Lighting > Exterior Flood > Diagnose / Troubleshoot,Labor > Electrical > Lighting > Exterior Flood > Diagnose / Troubleshoot
Electrical,Electrical > Lighting > Exterior Flood > Install New - Ground Up,Labor > Electrical > Lighting > Exterior Flood > Install New - Ground Up
Electrical,Electrical > Lighting > Exterior Flood > Secure,Labor > Electrical > Lighting > Exterior Flood > Secure
Electrical,Electrical > Lighting > Exterior Pathway > Diagnose / Troubleshoot,Labor > Electrical > Lighting > Exterior Pathway > Diagnose / Troubleshoot
Electrical,Electrical > Lighting > Exterior Pathway > Install New - Ground Up,Labor > Electrical > Lighting > Exterior Pathway > Install New - Ground Up
Electrical,Electrical > Lighting > Exterior Pathway > Replace Fixtures,Labor > Electrical > Lighting > Exterior Pathway > Replace Fixtures
Electrical,Electrical > Lighting > Exterior Pathway > Secure,Labor > Electrical > Lighting > Exterior Pathway > Secure
Electrical,Electrical > Lighting > Exterior Porch > Diagnose / Troubleshoot,Labor > Electrical > Lighting > Exterior Porch > Diagnose / Troubleshoot
Electrical,Electrical > Lighting > Exterior Porch > Install New - Ground Up,Labor > Electrical > Lighting > Exterior Porch > Install New - Ground Up
Electrical,Electrical > Lighting > Exterior Porch > Secure,Labor > Electrical > Lighting > Exterior Porch > Secure
Electrical,Electrical > Lighting > Fluorescent > Diagnose / Troubleshoot,Labor > Electrical > Lighting > Fluorescent > Diagnose / Troubleshoot
Electrical,Electrical > Lighting > Fluorescent > Install New - Ground Up,Labor > Electrical > Lighting > Fluorescent > Install New - Ground Up
Electrical,Electrical > Lighting > Fluorescent > Replace Ballast,Labor > Electrical > Lighting > Fluorescent > Replace Ballast
Electrical,Electrical > Lighting > Fluorescent > Secure,Labor > Electrical > Lighting > Fluorescent > Secure
Electrical,Electrical > Lighting > Fluorescent > Upgrade To LED,Labor > Electrical > Lighting > Fluorescent > Upgrade To LED
Electrical,Electrical > Lighting > Pendant > Adjust Length,Labor > Electrical > Lighting > Pendant > Adjust Length
Electrical,Electrical > Lighting > Pendant > Diagnose / Troubleshoot,Labor > Electrical > Lighting > Pendant > Diagnose / Troubleshoot
Electrical,Electrical > Lighting > Pendant > Install New - Ground Up,Labor > Electrical > Lighting > Pendant > Install New - Ground Up
Electrical,Electrical > Lighting > Pendant > Replace Globe,Labor > Electrical > Lighting > Pendant > Replace Globe
Electrical,Electrical > Lighting > Pendant > Secure,Labor > Electrical > Lighting > Pendant > Secure
Electrical,Electrical > Lighting > Sconce > Diagnose / Troubleshoot,Labor > Electrical > Lighting > Sconce > Diagnose / Troubleshoot
Electrical,Electrical > Lighting > Sconce > Install New - Ground Up,Labor > Electrical > Lighting > Sconce > Install New - Ground Up
Electrical,Electrical > Lighting > Sconce > Secure,Labor > Electrical > Lighting > Sconce > Secure
Electrical,Electrical > Lighting > Track > Add Receptacles,Labor > Electrical > Lighting > Track > Add Receptacles
Electrical,Electrical > Lighting > Track > Adjust Tracks,Labor > Electrical > Lighting > Track > Adjust Tracks
Electrical,Electrical > Lighting > Track > Diagnose / Troubleshoot,Labor > Electrical > Lighting > Track > Diagnose / Troubleshoot
Electrical,Electrical > Lighting > Track > Install New - Ground Up,Labor > Electrical > Lighting > Track > Install New - Ground Up
Electrical,Electrical > Lighting > Track > Secure,Labor > Electrical > Lighting > Track > Secure
Electrical,Electrical > Lighting > Under Cabinet > Diagnose / Troubleshoot,Labor > Electrical > Lighting > Under Cabinet > Diagnose / Troubleshoot
Electrical,Electrical > Lighting > Under Cabinet > Install New - Ground Up,Labor > Electrical > Lighting > Under Cabinet > Install New - Ground Up
Electrical,Electrical > Lighting > Under Cabinet > Secure,Labor > Electrical > Lighting > Under Cabinet > Secure
Electrical,Electrical > Lighting > Vanity > Diagnose / Troubleshoot,Labor > Electrical > Lighting > Vanity > Diagnose / Troubleshoot
Electrical,Electrical > Lighting > Vanity > Install New - Ground Up,Labor > Electrical > Lighting > Vanity > Install New - Ground Up
Electrical,Electrical > Lighting > Vanity > Secure,Labor > Electrical > Lighting > Vanity > Secure
Electrical,Electrical > Outlets > Repair Loose Outlet (Tighten),Labor > Electrical > Outlets > Repair Loose Outlet (Tighten)
Electrical,Electrical > Outlets > Repair Outlet Wiring,Labor > Electrical > Outlets > Repair Outlet Wiring
Electrical,Electrical > Outlets > Replace Outlet (With Switched Receptacle),Labor > Electrical > Outlets > Replace Outlet (With Switched Receptacle)
Electrical,Electrical > Outlets > Replace Outlet - GFCI,Labor > Electrical > Outlets > Replace Outlet - GFCI
Electrical,Electrical > Outlets > Replace Outlet - Standard,Labor > Electrical > Outlets > Replace Outlet - Standard
Electrical,Electrical > Outlets > Replace Outlet Cover,Labor > Electrical > Outlets > Replace Outlet Cover
Electrical,Electrical > Outlets > Replace WR (Weather Resistant) Outlet,Labor > Electrical > Outlets > Replace WR (Weather Resistant) Outlet
Electrical,Electrical > Outlets > Test Outlets,Labor > Electrical > Outlets > Test Outlets
Electrical,Electrical > Smoke / CO Detectors > Battery Operated > Diagnose / Troubleshoot,Labor > Electrical > Smoke / CO Detectors > Battery Operated > Diagnose / Troubleshoot
Electrical,Electrical > Smoke / CO Detectors > Battery Operated > Inspect,Labor > Electrical > Smoke / CO Detectors > Battery Operated > Inspect
Electrical,Electrical > Smoke / CO Detectors > Battery Operated > Install New - Ground Up,Labor > Electrical > Smoke / CO Detectors > Battery Operated > Install New - Ground Up
Electrical,Electrical > Smoke / CO Detectors > Battery Operated > Replace Battery,Labor > Electrical > Smoke / CO Detectors > Battery Operated > Replace Battery
Electrical,Electrical > Smoke / CO Detectors > Battery Operated > Secure,Labor > Electrical > Smoke / CO Detectors > Battery Operated > Secure
Electrical,Electrical > Smoke / CO Detectors > Battery Operated > Test,Labor > Electrical > Smoke / CO Detectors > Battery Operated > Test
Electrical,Electrical > Smoke / CO Detectors > Carbon Monoxide > Diagnose / Troubleshoot,Labor > Electrical > Smoke / CO Detectors > Carbon Monoxide > Diagnose / Troubleshoot
Electrical,Electrical > Smoke / CO Detectors > Carbon Monoxide > Inspect,Labor > Electrical > Smoke / CO Detectors > Carbon Monoxide > Inspect
Electrical,Electrical > Smoke / CO Detectors > Carbon Monoxide > Install New - Battery Operated - Ground Up,Labor > Electrical > Smoke / CO Detectors > Carbon Monoxide > Install New - Battery Operated - Ground Up
Electrical,Electrical > Smoke / CO Detectors > Carbon Monoxide > Replace Battery,Labor > Electrical > Smoke / CO Detectors > Carbon Monoxide > Replace Battery
Electrical,Electrical > Smoke / CO Detectors > Carbon Monoxide > Replace Detector - Battery Operated,Labor > Electrical > Smoke / CO Detectors > Carbon Monoxide > Replace Detector - Battery Operated
Electrical,Electrical > Smoke / CO Detectors > Carbon Monoxide > Replace Detector - Hard Wired,Labor > Electrical > Smoke / CO Detectors > Carbon Monoxide > Replace Detector - Hard Wired
Electrical,Electrical > Smoke / CO Detectors > Carbon Monoxide > Secure,Labor > Electrical > Smoke / CO Detectors > Carbon Monoxide > Secure
Electrical,Electrical > Smoke / CO Detectors > Carbon Monoxide > Test,Labor > Electrical > Smoke / CO Detectors > Carbon Monoxide > Test
Electrical,Electrical > Smoke / CO Detectors > Hard Wired > Diagnose / Troubleshoot,Labor > Electrical > Smoke / CO Detectors > Hard Wired > Diagnose / Troubleshoot
Electrical,Electrical > Smoke / CO Detectors > Hard Wired > Inspect,Labor > Electrical > Smoke / CO Detectors > Hard Wired > Inspect
Electrical,Electrical > Smoke / CO Detectors > Hard Wired > Replace Battery,Labor > Electrical > Smoke / CO Detectors > Hard Wired > Replace Battery
Electrical,Electrical > Smoke / CO Detectors > Hard Wired > Secure,Labor > Electrical > Smoke / CO Detectors > Hard Wired > Secure
Electrical,Electrical > Smoke / CO Detectors > Hard Wired > Test,Labor > Electrical > Smoke / CO Detectors > Hard Wired > Test
Electrical,Electrical > Switches > Diagnose Switch Wiring,Labor > Electrical > Switches > Diagnose Switch Wiring
Electrical,Electrical > Switches > Install Dimmer Switch,Labor > Electrical > Switches > Install Dimmer Switch
Electrical,Electrical > Switches > Install Humidity Sensored Switch,Labor > Electrical > Switches > Install Humidity Sensored Switch
Electrical,Electrical > Switches > Install Movement Sensored Switch,Labor > Electrical > Switches > Install Movement Sensored Switch
Electrical,Electrical > Switches > Install Photocell Switch (Exterior Dusk / Dawn),Labor > Electrical > Switches > Install Photocell Switch (Exterior Dusk / Dawn)
Electrical,Electrical > Switches > Install Smart Switch (Wifi / Bluetooth),Labor > Electrical > Switches > Install Smart Switch (Wifi / Bluetooth)
Electrical,Electrical > Switches > Install Timer Switch,Labor > Electrical > Switches > Install Timer Switch
Electrical,Electrical > Switches > Replace 3 Way Switch,Labor > Electrical > Switches > Replace 3 Way Switch
Electrical,Electrical > Switches > Replace 4 Way Switch,Labor > Electrical > Switches > Replace 4 Way Switch
Electrical,Electrical > Switches > Replace Double Pole Switch,Labor > Electrical > Switches > Replace Double Pole Switch
Electrical,Electrical > Switches > Replace Single Pole Switch,Labor > Electrical > Switches > Replace Single Pole Switch
Equipment Rental,Equipment Rental > Heavy Equipment > Mini Excavator,Equipment Rental > Heavy Equipment > Mini Excavator
Equipment Rental,Equipment Rental > Heavy Equipment > Skid Steer,Equipment Rental > Heavy Equipment > Skid Steer
Equipment Rental,Equipment Rental > Power Tools > Circular Saw,Equipment Rental > Power Tools > Circular Saw
Equipment Rental,Equipment Rental > Power Tools > Nail Gun,Equipment Rental > Power Tools > Nail Gun
Equipment Rental,Equipment Rental > Scaffolding > Extension Ladder,Equipment Rental > Scaffolding > Extension Ladder
Equipment Rental,Equipment Rental > Scaffolding > Rolling Scaffold,Equipment Rental > Scaffolding > Rolling Scaffold
Exterior Walls,Exterior Walls > Install 4X8 Siding - Ground Up,Labor > Exterior Walls > Install 4X8 Siding - Ground Up
Exterior Walls,Exterior Walls > Install Board & Batten Siding - Ground Up,Labor > Exterior Walls > Install Board & Batten Siding - Ground Up
Exterior Walls,Exterior Walls > Install Fiber Cement Siding - Ground Up,Labor > Exterior Walls > Install Fiber Cement Siding - Ground Up
Exterior Walls,Exterior Walls > Install Shiplap Siding - Ground Up,Labor > Exterior Walls > Install Shiplap Siding - Ground Up
Exterior Walls,Exterior Walls > Install Stucco - Ground Up,Labor > Exterior Walls > Install Stucco - Ground Up
Exterior Walls,Exterior Walls > Install Vinyl Siding - Ground Up,Labor > Exterior Walls > Install Vinyl Siding - Ground Up
Fencing,Fencing > Chain Link > Install New - Ground Up,Labor > Fencing > Chain Link > Install New - Ground Up
Fencing,Fencing > Chain Link > Install Privacy Slats,Labor > Fencing > Chain Link > Install Privacy Slats
Fencing,Fencing > Chain Link > Repalce Gate Hardware,Labor > Fencing > Chain Link > Repalce Gate Hardware
Fencing,Fencing > Chain Link > Replace Horizontal Rails,Labor > Fencing > Chain Link > Replace Horizontal Rails
Fencing,Fencing > Chain Link > Replace Vertical Posts,Labor > Fencing > Chain Link > Replace Vertical Posts
Fencing,Fencing > Chain Link > Secure Chain Link To Poles,Labor > Fencing > Chain Link > Secure Chain Link To Poles
Fencing,Fencing > Masonry > Build New - Ground Up,Labor > Fencing > Masonry > Build New - Ground Up
Fencing,Fencing > Masonry > Mount Gate,Labor > Fencing > Masonry > Mount Gate
Fencing,Fencing > Masonry > Mount Hardware,Labor > Fencing > Masonry > Mount Hardware
Fencing,Fencing > Masonry > Repair / Replace Grout,Labor > Fencing > Masonry > Repair / Replace Grout
Fencing,Fencing > Wood Picket > Apply Exterior Sealer,Labor > Fencing > Wood Picket > Apply Exterior Sealer
Fencing,Fencing > Wood Picket > Build New - Ground Up,Labor > Fencing > Wood Picket > Build New - Ground Up
Fencing,Fencing > Wood Picket > Paint,Labor > Fencing > Wood Picket > Paint
Fencing,Fencing > Wood Picket > Repair / Rebuild Gate,Labor > Fencing > Wood Picket > Repair / Rebuild Gate
Fencing,Fencing > Wood Picket > Replace Gate Hardware,Labor > Fencing > Wood Picket > Replace Gate Hardware
Fencing,Fencing > Wood Picket > Replace Pickets,Labor > Fencing > Wood Picket > Replace Pickets
Fencing,Fencing > Wood Picket > Replace Post,Labor > Fencing > Wood Picket > Replace Post
Fencing,Fencing > Wood Picket > Replace Rail,Labor > Fencing > Wood Picket > Replace Rail
Fixtures / Mounts / Accessories,Fixtures / Mounts / Accessories > Bathroom > Grab Bars / Safety Bars,Labor > Fixtures / Mounts / Accessories > Bathroom > Grab Bars / Safety Bars
Fixtures / Mounts / Accessories,Fixtures / Mounts / Accessories > Bathroom > Mirror,Labor > Fixtures / Mounts / Accessories > Bathroom > Mirror
Fixtures / Mounts / Accessories,Fixtures / Mounts / Accessories > Bathroom > Shower Curtain Rod (Permanent),Labor > Fixtures / Mounts / Accessories > Bathroom > Shower Curtain Rod (Permanent)
Fixtures / Mounts / Accessories,Fixtures / Mounts / Accessories > Bathroom > TP Holder,Labor > Fixtures / Mounts / Accessories > Bathroom > TP Holder
Fixtures / Mounts / Accessories,Fixtures / Mounts / Accessories > Bathroom > Towel Bar,Labor > Fixtures / Mounts / Accessories > Bathroom > Towel Bar
Fixtures / Mounts / Accessories,Fixtures / Mounts / Accessories > Bathroom > Towel Hook,Labor > Fixtures / Mounts / Accessories > Bathroom > Towel Hook
Fixtures / Mounts / Accessories,Fixtures / Mounts / Accessories > Bathroom > Towel Ring,Labor > Fixtures / Mounts / Accessories > Bathroom > Towel Ring
Fixtures / Mounts / Accessories,Fixtures / Mounts / Accessories > General > Install / Hang Miscellaneous,Labor > Fixtures / Mounts / Accessories > General > Install / Hang Miscellaneous
Fixtures / Mounts / Accessories,Fixtures / Mounts / Accessories > General > Install / Hang Picture Frames,Labor > Fixtures / Mounts / Accessories > General > Install / Hang Picture Frames
Fixtures / Mounts / Accessories,Fixtures / Mounts / Accessories > General > Install / Replace AC Register,Labor > Fixtures / Mounts / Accessories > General > Install / Replace AC Register
Fixtures / Mounts / Accessories,Fixtures / Mounts / Accessories > General > Install / Replace Closet Rod,Labor > Fixtures / Mounts / Accessories > General > Install / Replace Closet Rod
Fixtures / Mounts / Accessories,Fixtures / Mounts / Accessories > General > Install Floating Shelves,Labor > Fixtures / Mounts / Accessories > General > Install Floating Shelves
Fixtures / Mounts / Accessories,Fixtures / Mounts / Accessories > General > Install Replace Register Return,Labor > Fixtures / Mounts / Accessories > General > Install Replace Register Return
Fixtures / Mounts / Accessories,Fixtures / Mounts / Accessories > General > Install Standard Shelving,Labor > Fixtures / Mounts / Accessories > General > Install Standard Shelving
Fixtures / Mounts / Accessories,Fixtures / Mounts / Accessories > General > Install TV Mount,Labor > Fixtures / Mounts / Accessories > General > Install TV Mount
Fixtures / Mounts / Accessories,Fixtures / Mounts / Accessories > Kitchen > Paper Towel holder,Labor > Fixtures / Mounts / Accessories > Kitchen > Paper Towel holder
Fixtures / Mounts / Accessories,Fixtures / Mounts / Accessories > Kitchen > Pot Rack,Labor > Fixtures / Mounts / Accessories > Kitchen > Pot Rack
Flooring,Flooring > Carpet > Install New - Ground Up,Labor > Flooring > Carpet > Install New - Ground Up
Flooring,Flooring > Carpet > Patch / Repair,Labor > Flooring > Carpet > Patch / Repair
Flooring,Flooring > Carpet > Remove Permanently,Labor > Flooring > Carpet > Remove Permanently
Flooring,Flooring > Carpet > Replace,Labor > Flooring > Carpet > Replace
Flooring,Flooring > Carpet > Shampoo / Steam Clean,Labor > Flooring > Carpet > Shampoo / Steam Clean
Flooring,Flooring > Carpet > Stretch,Labor > Flooring > Carpet > Stretch
Flooring,Flooring > Hardwood > Install New - Ground Up,Labor > Flooring > Hardwood > Install New - Ground Up
Flooring,Flooring > Hardwood > Patch / Repair,Labor > Flooring > Hardwood > Patch / Repair
Flooring,Flooring > Hardwood > Remove Permanently,Labor > Flooring > Hardwood > Remove Permanently
Flooring,Flooring > Hardwood > Replace,Labor > Flooring > Hardwood > Replace
Flooring,Flooring > Laminate - Wood > Install New - Ground Up,Labor > Flooring > Laminate - Wood > Install New - Ground Up
Flooring,Flooring > Laminate - Wood > Patch / Repair,Labor > Flooring > Laminate - Wood > Patch / Repair
Flooring,Flooring > Laminate - Wood > Remove Permanently,Labor > Flooring > Laminate - Wood > Remove Permanently
Flooring,Flooring > Laminate - Wood > Replace,Labor > Flooring > Laminate - Wood > Replace
Flooring,Flooring > Laminate Vinyl Plank (LVP) > Install New - Ground Up,Labor > Flooring > Laminate Vinyl Plank (LVP) > Install New - Ground Up
Flooring,Flooring > Laminate Vinyl Plank (LVP) > Patch / Repair,Labor > Flooring > Laminate Vinyl Plank (LVP) > Patch / Repair
Flooring,Flooring > Laminate Vinyl Plank (LVP) > Remove Permanently,Labor > Flooring > Laminate Vinyl Plank (LVP) > Remove Permanently
Flooring,Flooring > Laminate Vinyl Plank (LVP) > Replace,Labor > Flooring > Laminate Vinyl Plank (LVP) > Replace
Flooring,Flooring > Miscellaneous / Other > Concrete Stain - Ground Up,Labor > Flooring > Miscellaneous / Other > Concrete Stain - Ground Up
Flooring,Flooring > Miscellaneous / Other > Concrete Stain - Repair,Labor > Flooring > Miscellaneous / Other > Concrete Stain - Repair
Flooring,Flooring > Miscellaneous / Other > Epoxy - Ground Up,Labor > Flooring > Miscellaneous / Other > Epoxy - Ground Up
Flooring,Flooring > Miscellaneous / Other > Epoxy - Repair,Labor > Flooring > Miscellaneous / Other > Epoxy - Repair
Flooring,Flooring > Sheet Vinyl > Install New - Ground Up,Labor > Flooring > Sheet Vinyl > Install New - Ground Up
Flooring,Flooring > Sheet Vinyl > Patch / Repair,Labor > Flooring > Sheet Vinyl > Patch / Repair
Flooring,Flooring > Sheet Vinyl > Remove Permanently,Labor > Flooring > Sheet Vinyl > Remove Permanently
Flooring,Flooring > Sheet Vinyl > Replace,Labor > Flooring > Sheet Vinyl > Replace
Flooring,Flooring > Vinyl Tile (LVT) > Install New - Ground Up,Labor > Flooring > Vinyl Tile (LVT) > Install New - Ground Up
Flooring,Flooring > Vinyl Tile (LVT) > Patch / Repair,Labor > Flooring > Vinyl Tile (LVT) > Patch / Repair
Flooring,Flooring > Vinyl Tile (LVT) > Remove Permanently,Labor > Flooring > Vinyl Tile (LVT) > Remove Permanently
Flooring,Flooring > Vinyl Tile (LVT) > Replace,Labor > Flooring > Vinyl Tile (LVT) > Replace
HVAC,HVAC > Install / Replace HVAC Filter,Labor > HVAC > Install / Replace HVAC Filter
HVAC,HVAC > Install Mini Split,Labor > HVAC > Install Mini Split
HVAC,HVAC > Install Window AC,Labor > HVAC > Install Window AC
HVAC,HVAC > Program Thermostat,Labor > HVAC > Program Thermostat
HVAC,HVAC > Replace Swamp Cooler (Complete Unit),Labor > HVAC > Replace Swamp Cooler (Complete Unit)
HVAC,HVAC > Replace Swamp Cooler Motor,Labor > HVAC > Replace Swamp Cooler Motor
HVAC,HVAC > Replace Swamp Cooler Pads,Labor > HVAC > Replace Swamp Cooler Pads
HVAC,HVAC > Replace Swamp Cooler Pump,Labor > HVAC > Replace Swamp Cooler Pump
HVAC,HVAC > Replace Swamp Cooler Spider,Labor > HVAC > Replace Swamp Cooler Spider
HVAC,HVAC > Replace Thermostat,Labor > HVAC > Replace Thermostat
Interior Walls & Ceilings,Interior Walls & Ceilings > Ceiling Tile > Install New - Ground Up,Labor > Interior Walls & Ceilings > Ceiling Tile > Install New - Ground Up
Interior Walls & Ceilings,Interior Walls & Ceilings > Ceiling Tile > Remove + Skim,Labor > Interior Walls & Ceilings > Ceiling Tile > Remove + Skim
Interior Walls & Ceilings,Interior Walls & Ceilings > Ceiling Tile > Remove + Skim + Texture,Labor > Interior Walls & Ceilings > Ceiling Tile > Remove + Skim + Texture
Interior Walls & Ceilings,Interior Walls & Ceilings > Ceiling Tile > Remove Permanently,Labor > Interior Walls & Ceilings > Ceiling Tile > Remove Permanently
Interior Walls & Ceilings,Interior Walls & Ceilings > Drop Ceiling > Install New - Ground Up,Labor > Interior Walls & Ceilings > Drop Ceiling > Install New - Ground Up
Interior Walls & Ceilings,Interior Walls & Ceilings > Drop Ceiling > Remove Permanently,Labor > Interior Walls & Ceilings > Drop Ceiling > Remove Permanently
Interior Walls & Ceilings,Interior Walls & Ceilings > Drop Ceiling > Repair Frame,Labor > Interior Walls & Ceilings > Drop Ceiling > Repair Frame
Interior Walls & Ceilings,Interior Walls & Ceilings > Drop Ceiling > Replace Tile,Labor > Interior Walls & Ceilings > Drop Ceiling > Replace Tile
Interior Walls & Ceilings,Interior Walls & Ceilings > Drywall > Install New Drywall - Ground Up,Labor > Interior Walls & Ceilings > Drywall > Install New Drywall - Ground Up
Interior Walls & Ceilings,Interior Walls & Ceilings > Drywall > Paint - Ground Up,Labor > Interior Walls & Ceilings > Drywall > Paint - Ground Up
Interior Walls & Ceilings,"Interior Walls & Ceilings > Drywall > Patch - 1"" Diameter To 4"" Diameter","Labor > Interior Walls & Ceilings > Drywall > Patch - 1"" Diameter To 4"" Diameter"
Interior Walls & Ceilings,"Interior Walls & Ceilings > Drywall > Patch - 4"" Diameter To 1 Square Foot","Labor > Interior Walls & Ceilings > Drywall > Patch - 4"" Diameter To 1 Square Foot"
Interior Walls & Ceilings,Interior Walls & Ceilings > Drywall > Patch - Less than 1 Inch Diameter (Fill),Labor > Interior Walls & Ceilings > Drywall > Patch - Less than 1 Inch Diameter (Fill)
Interior Walls & Ceilings,Interior Walls & Ceilings > Drywall > Patch - More Than 1 Square Foot,Labor > Interior Walls & Ceilings > Drywall > Patch - More Than 1 Square Foot
Interior Walls & Ceilings,Interior Walls & Ceilings > Drywall > Prime - Ground Up,Labor > Interior Walls & Ceilings > Drywall > Prime - Ground Up
Interior Walls & Ceilings,Interior Walls & Ceilings > Drywall > Repair Nail Pops,Labor > Interior Walls & Ceilings > Drywall > Repair Nail Pops
Interior Walls & Ceilings,Interior Walls & Ceilings > Drywall > Repair Peeling Joint Tape,Labor > Interior Walls & Ceilings > Drywall > Repair Peeling Joint Tape
Interior Walls & Ceilings,Interior Walls & Ceilings > Drywall > Skim - Ground Up,Labor > Interior Walls & Ceilings > Drywall > Skim - Ground Up
Interior Walls & Ceilings,Interior Walls & Ceilings > Drywall > Tape Joints - Ground Up,Labor > Interior Walls & Ceilings > Drywall > Tape Joints - Ground Up
Interior Walls & Ceilings,Interior Walls & Ceilings > Drywall > Texture - Ground Up,Labor > Interior Walls & Ceilings > Drywall > Texture - Ground Up
Interior Walls & Ceilings,Interior Walls & Ceilings > Paint > Custom Paint Match Fee,Labor > Interior Walls & Ceilings > Paint > Custom Paint Match Fee
Interior Walls & Ceilings,Interior Walls & Ceilings > Paint > Per Bathroom Paint,Labor > Interior Walls & Ceilings > Paint > Per Bathroom Paint
Interior Walls & Ceilings,Interior Walls & Ceilings > Paint > Per Bedroom Room Paint,Labor > Interior Walls & Ceilings > Paint > Per Bedroom Room Paint
Interior Walls & Ceilings,Interior Walls & Ceilings > Paint > Per Closet / Pantry Paint,Labor > Interior Walls & Ceilings > Paint > Per Closet / Pantry Paint
Interior Walls & Ceilings,Interior Walls & Ceilings > Paint > Per Hour Paint,Labor > Interior Walls & Ceilings > Paint > Per Hour Paint
Interior Walls & Ceilings,Interior Walls & Ceilings > Paint > Per Kitchen Paint,Labor > Interior Walls & Ceilings > Paint > Per Kitchen Paint
Interior Walls & Ceilings,Interior Walls & Ceilings > Paint > Per Square Foot Paint,Labor > Interior Walls & Ceilings > Paint > Per Square Foot Paint
Interior Walls & Ceilings,Interior Walls & Ceilings > Paint > Whole House Paint - Interior,Labor > Interior Walls & Ceilings > Paint > Whole House Paint - Interior
Interior Walls & Ceilings,Interior Walls & Ceilings > Paneling / Tongue & Groove > Install New - Ground Up,Labor > Interior Walls & Ceilings > Paneling / Tongue & Groove > Install New - Ground Up
Interior Walls & Ceilings,Interior Walls & Ceilings > Paneling / Tongue & Groove > Replace,Labor > Interior Walls & Ceilings > Paneling / Tongue & Groove > Replace
Interior Walls & Ceilings,Interior Walls & Ceilings > Plaster > Patch - Large,Labor > Interior Walls & Ceilings > Plaster > Patch - Large
Interior Walls & Ceilings,Interior Walls & Ceilings > Plaster > Patch - Medium,Labor > Interior Walls & Ceilings > Plaster > Patch - Medium
Interior Walls & Ceilings,Interior Walls & Ceilings > Plaster > Patch - Small,Labor > Interior Walls & Ceilings > Plaster > Patch - Small
Interior Walls & Ceilings,Interior Walls & Ceilings > Popcorn > Remove Popcorn + Skim + Texture,Labor > Interior Walls & Ceilings > Popcorn > Remove Popcorn + Skim + Texture
Interior Walls & Ceilings,Interior Walls & Ceilings > Popcorn > Remove Popcorn Permanently,Labor > Interior Walls & Ceilings > Popcorn > Remove Popcorn Permanently
Interior Walls & Ceilings,Interior Walls & Ceilings > Popcorn > Remove Popocorn + Skim,Labor > Interior Walls & Ceilings > Popcorn > Remove Popocorn + Skim
Interior Walls & Ceilings,Interior Walls & Ceilings > Tongue & Groove > Install New - Ground Up,Labor > Interior Walls & Ceilings > Tongue & Groove > Install New - Ground Up
Interior Walls & Ceilings,Interior Walls & Ceilings > Tongue & Groove > Patch / Repair,Labor > Interior Walls & Ceilings > Tongue & Groove > Patch / Repair
Interior Walls & Ceilings,Interior Walls & Ceilings > Tongue & Groove > Refinish,Labor > Interior Walls & Ceilings > Tongue & Groove > Refinish
Interior Walls & Ceilings,Interior Walls & Ceilings > Tongue & Groove > Remove Permanently,Labor > Interior Walls & Ceilings > Tongue & Groove > Remove Permanently
Interior Walls & Ceilings,Interior Walls & Ceilings > Tongue & Groove > Replace,Labor > Interior Walls & Ceilings > Tongue & Groove > Replace
Interior Walls & Ceilings,Interior Walls & Ceilings > Wallpaper > Install New - Ground Up,Labor > Interior Walls & Ceilings > Wallpaper > Install New - Ground Up
Interior Walls & Ceilings,Interior Walls & Ceilings > Wallpaper > Patch / Repair,Labor > Interior Walls & Ceilings > Wallpaper > Patch / Repair
Interior Walls & Ceilings,Interior Walls & Ceilings > Wallpaper > Remove Permanently,Labor > Interior Walls & Ceilings > Wallpaper > Remove Permanently
Interior Walls & Ceilings,Interior Walls & Ceilings > Wallpaper > Replace,Labor > Interior Walls & Ceilings > Wallpaper > Replace
Interior Walls & Ceilings,Interior Walls & Ceilings > Wallpaper > Surfacce Preparation,Labor > Interior Walls & Ceilings > Wallpaper > Surfacce Preparation
Landscaping,Landscaping > Install Holiday Lights,Labor > Landscaping > Install Holiday Lights
Landscaping,Landscaping > Install Mailbox - Ground Up,Labor > Landscaping > Install Mailbox - Ground Up
Landscaping,Landscaping > Install Misters,Labor > Landscaping > Install Misters
Landscaping,Landscaping > Junk Removal,Labor > Landscaping > Junk Removal
Landscaping,Landscaping > Lawn Mowing / Edging / Trimming,Labor > Landscaping > Lawn Mowing / Edging / Trimming
Landscaping,Landscaping > Pool Maintenance,Labor > Landscaping > Pool Maintenance
Landscaping,Landscaping > Pour Cement Slab,Labor > Landscaping > Pour Cement Slab
Landscaping,Landscaping > Pressure Wash Driveway,Labor > Landscaping > Pressure Wash Driveway
Landscaping,Landscaping > Pressure Wash Garage,Labor > Landscaping > Pressure Wash Garage
Landscaping,Landscaping > Pressure Wash Porch,Labor > Landscaping > Pressure Wash Porch
Landscaping,Landscaping > Pressure Wash Sidewalk,Labor > Landscaping > Pressure Wash Sidewalk
Landscaping,Landscaping > Remount Mailbox Post To Ground,Labor > Landscaping > Remount Mailbox Post To Ground
Landscaping,Landscaping > Remount Mailbox To Post,Labor > Landscaping > Remount Mailbox To Post
Landscaping,Landscaping > Remove Holiday Lights,Labor > Landscaping > Remove Holiday Lights
Landscaping,Landscaping > Remove Tree,Labor > Landscaping > Remove Tree
Landscaping,Landscaping > Replace Mailbox - Box Only,Labor > Landscaping > Replace Mailbox - Box Only
Landscaping,Landscaping > Solar Maintenance,Labor > Landscaping > Solar Maintenance
Landscaping,Landscaping > Trim Tree,Labor > Landscaping > Trim Tree
Landscaping,Landscaping > Weed Removal,Labor > Landscaping > Weed Removal
Landscaping,Landscaping > Welding - General,Labor > Landscaping > Welding - General
Masonry,Masonry > Repair / Replace Damaged / Missing Grout/Mortar,Labor > Masonry > Repair / Replace Damaged / Missing Grout/Mortar
Masonry,Masonry > Replace Damaged / Missing Brick,Labor > Masonry > Replace Damaged / Missing Brick
Masonry,Masonry > Replace Damaged / Missing Cinder Block,Labor > Masonry > Replace Damaged / Missing Cinder Block
Masonry,Masonry > Replace Damaged / Missing Slump Block,Labor > Masonry > Replace Damaged / Missing Slump Block
Masonry,Masonry > Replace Damaged / Missing Stone Veneer,Labor > Masonry > Replace Damaged / Missing Stone Veneer
Materials,Materials > Drywall > Drywall Sheets,Materials > Drywall > Drywall Sheets
Materials,Materials > Drywall > Joint Compound,Materials > Drywall > Joint Compound
Materials,Materials > Lumber > 2x4 Studs,Materials > Lumber > 2x4 Studs
Materials,Materials > Lumber > Plywood Sheets,Materials > Lumber > Plywood Sheets
Materials,Materials > Paint > Exterior Paint,Materials > Paint > Exterior Paint
Materials,Materials > Paint > Interior Paint,Materials > Paint > Interior Paint
Office,Office > Administrative > Documentation,Office > Administrative > Documentation
Office,Office > Administrative > Permit Processing,Office > Administrative > Permit Processing
Office,Office > Project Management > Scheduling,Office > Project Management > Scheduling
Office,Office > Project Management > Site Supervision,Office > Project Management > Site Supervision
Plumbing,Plumbing > Bathroom > Toilet > Install Bidet - Ground Up,Labor > Plumbing > Bathroom > Toilet > Install Bidet - Ground Up
Plumbing,Plumbing > Bathroom > Toilet > Install New Toilet - Ground Up,Labor > Plumbing > Bathroom > Toilet > Install New Toilet - Ground Up
Plumbing,Plumbing > Bathroom > Toilet > Repair Shutoff Valve / Angle Stop,Labor > Plumbing > Bathroom > Toilet > Repair Shutoff Valve / Angle Stop
Plumbing,Plumbing > Bathroom > Toilet > Replace Bidet,Labor > Plumbing > Bathroom > Toilet > Replace Bidet
Plumbing,Plumbing > Bathroom > Toilet > Replace High Efficiency Flush Components,Labor > Plumbing > Bathroom > Toilet > Replace High Efficiency Flush Components
Plumbing,Plumbing > Bathroom > Toilet > Replace Mounting Flange,Labor > Plumbing > Bathroom > Toilet > Replace Mounting Flange
Plumbing,Plumbing > Bathroom > Toilet > Replace Shutoff Valve / Angle Stop,Labor > Plumbing > Bathroom > Toilet > Replace Shutoff Valve / Angle Stop
Plumbing,Plumbing > Bathroom > Toilet > Replace Tank Seals,Labor > Plumbing > Bathroom > Toilet > Replace Tank Seals
Plumbing,Plumbing > Bathroom > Tub / Shower > Re-Caulk Tub / Shower,Labor > Plumbing > Bathroom > Tub / Shower > Re-Caulk Tub / Shower
Plumbing,Plumbing > Bathroom > Tub / Shower > Repair Mixer Valve (Seals),Labor > Plumbing > Bathroom > Tub / Shower > Repair Mixer Valve (Seals)
Plumbing,Plumbing > Bathroom > Tub / Shower > Repair Shower Cartridge (Seals),Labor > Plumbing > Bathroom > Tub / Shower > Repair Shower Cartridge (Seals)
Plumbing,Plumbing > Bathroom > Tub / Shower > Repair Trip Lever Drain Assembly,Labor > Plumbing > Bathroom > Tub / Shower > Repair Trip Lever Drain Assembly
Plumbing,Plumbing > Bathroom > Tub / Shower > Repair Valve Stem Packings / Seals,Labor > Plumbing > Bathroom > Tub / Shower > Repair Valve Stem Packings / Seals
Plumbing,Plumbing > Bathroom > Tub / Shower > Replace Overflow Drain Cover,Labor > Plumbing > Bathroom > Tub / Shower > Replace Overflow Drain Cover
Plumbing,Plumbing > Bathroom > Tub / Shower > Replace Overflow Drain Cover Seal,Labor > Plumbing > Bathroom > Tub / Shower > Replace Overflow Drain Cover Seal
Plumbing,Plumbing > Bathroom > Tub / Shower > Replace Shower / Tub Mixer Valve,Labor > Plumbing > Bathroom > Tub / Shower > Replace Shower / Tub Mixer Valve
Plumbing,Plumbing > Bathroom > Tub / Shower > Replace Shower Wand,Labor > Plumbing > Bathroom > Tub / Shower > Replace Shower Wand
Plumbing,Plumbing > Bathroom > Tub / Shower > Replace Threaded Drain Assembly,Labor > Plumbing > Bathroom > Tub / Shower > Replace Threaded Drain Assembly
Plumbing,Plumbing > Bathroom > Tub / Shower > Replace Trip Lever Drain Assembly,Labor > Plumbing > Bathroom > Tub / Shower > Replace Trip Lever Drain Assembly
Plumbing,Plumbing > Bathroom > Tub / Shower > Replace Valve Stem,Labor > Plumbing > Bathroom > Tub / Shower > Replace Valve Stem
Plumbing,Plumbing > Bathroom > Vanity Sink > Install New Sink - Ground Up,Labor > Plumbing > Bathroom > Vanity Sink > Install New Sink - Ground Up
Plumbing,Plumbing > Bathroom > Vanity Sink > Repair Faucet - New Handles,Labor > Plumbing > Bathroom > Vanity Sink > Repair Faucet - New Handles
Plumbing,Plumbing > Bathroom > Vanity Sink > Repair Faucet - New Seals / Cartridges,Labor > Plumbing > Bathroom > Vanity Sink > Repair Faucet - New Seals / Cartridges
Plumbing,Plumbing > Bathroom > Vanity Sink > Repair Shutoff Valve / Angle Stop,Labor > Plumbing > Bathroom > Vanity Sink > Repair Shutoff Valve / Angle Stop
Plumbing,Plumbing > Bathroom > Vanity Sink > Replace Shutoff Valve / Angle Stop,Labor > Plumbing > Bathroom > Vanity Sink > Replace Shutoff Valve / Angle Stop
Plumbing,Plumbing > Bathroom > Vanity Sink > Replace Sink Drain / Pop Up Assembly,Labor > Plumbing > Bathroom > Vanity Sink > Replace Sink Drain / Pop Up Assembly
Plumbing,Plumbing > Bathroom > Vanity Sink > Replace Sink Drain Assembly (Attached To Sink),Labor > Plumbing > Bathroom > Vanity Sink > Replace Sink Drain Assembly (Attached To Sink)
Plumbing,Plumbing > Bathroom > Vanity Sink > Tighten Down Faucet,Labor > Plumbing > Bathroom > Vanity Sink > Tighten Down Faucet
Plumbing,Plumbing > Distribution / General Plumbing > Buried Sewer Line Repair / Replacement,Labor > Plumbing > Distribution / General Plumbing > Buried Sewer Line Repair / Replacement
Plumbing,Plumbing > Distribution / General Plumbing > Copper Pipe Sweating / Repair,Labor > Plumbing > Distribution / General Plumbing > Copper Pipe Sweating / Repair
Plumbing,"Plumbing > Distribution / General Plumbing > Copper Tubing 1/4"" Or 3/8"" Compression Type Repair","Labor > Plumbing > Distribution / General Plumbing > Copper Tubing 1/4"" Or 3/8"" Compression Type Repair"
Plumbing,Plumbing > Distribution / General Plumbing > Galvanized Steel Pipe Repair / Replacement,Labor > Plumbing > Distribution / General Plumbing > Galvanized Steel Pipe Repair / Replacement
Plumbing,Plumbing > Distribution / General Plumbing > In-Home Sewer / Drain Line Repair / Replacement,Labor > Plumbing > Distribution / General Plumbing > In-Home Sewer / Drain Line Repair / Replacement
Plumbing,Plumbing > Distribution / General Plumbing > Irrigation Line Repair / Replacement,Labor > Plumbing > Distribution / General Plumbing > Irrigation Line Repair / Replacement
Plumbing,Plumbing > Distribution / General Plumbing > Water Main Repair,Labor > Plumbing > Distribution / General Plumbing > Water Main Repair
Plumbing,Plumbing > Distribution / General Plumbing > Water Main Replacement,Labor > Plumbing > Distribution / General Plumbing > Water Main Replacement
Plumbing,Plumbing > Exterior > Insulate Exterior Pipes,Labor > Plumbing > Exterior > Insulate Exterior Pipes
Plumbing,Plumbing > Exterior > Replace Frost Free Hose Bibb - PVC Type,Labor > Plumbing > Exterior > Replace Frost Free Hose Bibb - PVC Type
Plumbing,Plumbing > Exterior > Replace Frost Free Hose Bibb - Solder Type,Labor > Plumbing > Exterior > Replace Frost Free Hose Bibb - Solder Type
Plumbing,Plumbing > Exterior > Replace Frost Free Hose Bibb - Threaded,Labor > Plumbing > Exterior > Replace Frost Free Hose Bibb - Threaded
Plumbing,Plumbing > Exterior > Replace Hose Bibb - PVC Type,Labor > Plumbing > Exterior > Replace Hose Bibb - PVC Type
Plumbing,Plumbing > Exterior > Replace Hose Bibb - Solder Type,Labor > Plumbing > Exterior > Replace Hose Bibb - Solder Type
Plumbing,Plumbing > Exterior > Replace Hose Bibb - Threaded,Labor > Plumbing > Exterior > Replace Hose Bibb - Threaded
Plumbing,Plumbing > Exterior > Replace Irrigation Valve,Labor > Plumbing > Exterior > Replace Irrigation Valve
Plumbing,Plumbing > Exterior > Replace Main Home Shutoff Valve - Compression Type,Labor > Plumbing > Exterior > Replace Main Home Shutoff Valve - Compression Type
Plumbing,Plumbing > Exterior > Replace Main Home Shutoff Valve - PVC Type,Labor > Plumbing > Exterior > Replace Main Home Shutoff Valve - PVC Type
Plumbing,Plumbing > Exterior > Replace Main Home Shutoff Valve - Solder Type,Labor > Plumbing > Exterior > Replace Main Home Shutoff Valve - Solder Type
Plumbing,Plumbing > Exterior > Replace Sprinkler Head,Labor > Plumbing > Exterior > Replace Sprinkler Head
Plumbing,Plumbing > Kitchen > Dishwasher > Repair Shutoff Valve / Angle Stop,Labor > Plumbing > Kitchen > Dishwasher > Repair Shutoff Valve / Angle Stop
Plumbing,Plumbing > Kitchen > Dishwasher > Replace Shutoff Valve / Angle Stop,Labor > Plumbing > Kitchen > Dishwasher > Replace Shutoff Valve / Angle Stop
Plumbing,Plumbing > Kitchen > Miscellaneous > Install Pasta Arm - Ground Up,Labor > Plumbing > Kitchen > Miscellaneous > Install Pasta Arm - Ground Up
Plumbing,Plumbing > Kitchen > Miscellaneous > Repair Pasta Arm,Labor > Plumbing > Kitchen > Miscellaneous > Repair Pasta Arm
Plumbing,Plumbing > Kitchen > Miscellaneous > Replace Pasta Arm,Labor > Plumbing > Kitchen > Miscellaneous > Replace Pasta Arm
Plumbing,Plumbing > Kitchen > Miscellaneous > Replace Shutoff Valve / Angle Stop - Other,Labor > Plumbing > Kitchen > Miscellaneous > Replace Shutoff Valve / Angle Stop - Other
Plumbing,Plumbing > Kitchen > Refrigerator > Repair Supply Line Leak,Labor > Plumbing > Kitchen > Refrigerator > Repair Supply Line Leak
Plumbing,Plumbing > Kitchen > Refrigerator > Replace External Water Filter,Labor > Plumbing > Kitchen > Refrigerator > Replace External Water Filter
Plumbing,Plumbing > Kitchen > Sink > Adjust / Tighten Set Screws / Handle,Labor > Plumbing > Kitchen > Sink > Adjust / Tighten Set Screws / Handle
Plumbing,Plumbing > Kitchen > Sink > Caulk Sink Basin,Labor > Plumbing > Kitchen > Sink > Caulk Sink Basin
Plumbing,Plumbing > Kitchen > Sink > Install Garbage Disposal - Ground Up,Labor > Plumbing > Kitchen > Sink > Install Garbage Disposal - Ground Up
Plumbing,Plumbing > Kitchen > Sink > Install RO / Water Filter - Ground Up,Labor > Plumbing > Kitchen > Sink > Install RO / Water Filter - Ground Up
Plumbing,Plumbing > Kitchen > Sink > Install RO Drinking Water Tap,Labor > Plumbing > Kitchen > Sink > Install RO Drinking Water Tap
Plumbing,Plumbing > Kitchen > Sink > Install Soap Dispenser / Accessories In Sink Basin,Labor > Plumbing > Kitchen > Sink > Install Soap Dispenser / Accessories In Sink Basin
Plumbing,Plumbing > Kitchen > Sink > New Install - Ground Up,Labor > Plumbing > Kitchen > Sink > New Install - Ground Up
Plumbing,Plumbing > Kitchen > Sink > Permanently Remove RO System,Labor > Plumbing > Kitchen > Sink > Permanently Remove RO System
Plumbing,Plumbing > Kitchen > Sink > Repair Faucet (Seals),Labor > Plumbing > Kitchen > Sink > Repair Faucet (Seals)
Plumbing,Plumbing > Kitchen > Sink > Repair Garbage Disposal - Break Free & Reset,Labor > Plumbing > Kitchen > Sink > Repair Garbage Disposal - Break Free & Reset
Plumbing,Plumbing > Kitchen > Sink > Repair RO Plumbing,Labor > Plumbing > Kitchen > Sink > Repair RO Plumbing
Plumbing,Plumbing > Kitchen > Sink > Repair Shutoff Valve / Angle Stop,Labor > Plumbing > Kitchen > Sink > Repair Shutoff Valve / Angle Stop
Plumbing,Plumbing > Kitchen > Sink > Replace Hot And Cold Knobs,Labor > Plumbing > Kitchen > Sink > Replace Hot And Cold Knobs
Plumbing,Plumbing > Kitchen > Sink > Replace RO Cartridges / Filters,Labor > Plumbing > Kitchen > Sink > Replace RO Cartridges / Filters
Plumbing,Plumbing > Kitchen > Sink > Replace Shutoff Valve / Angle Stop,Labor > Plumbing > Kitchen > Sink > Replace Shutoff Valve / Angle Stop
Plumbing,Plumbing > Kitchen > Sink > Replace Sink Basin - Top Mount,Labor > Plumbing > Kitchen > Sink > Replace Sink Basin - Top Mount
Plumbing,Plumbing > Kitchen > Sink > Replace Sink Basin - Under Mount,Labor > Plumbing > Kitchen > Sink > Replace Sink Basin - Under Mount
Plumbing,Plumbing > Kitchen > Sink > Unclog / Snake Drain,Labor > Plumbing > Kitchen > Sink > Unclog / Snake Drain
Plumbing,Plumbing > Laundry > Repair Washing Machine Hose Bibb,Labor > Plumbing > Laundry > Repair Washing Machine Hose Bibb
Plumbing,Plumbing > Laundry > Replace Washing Machine Hose Bibb,Labor > Plumbing > Laundry > Replace Washing Machine Hose Bibb
Plumbing,Plumbing > Laundry > Replace Washing Machine Supply Hoses,Labor > Plumbing > Laundry > Replace Washing Machine Supply Hoses
Plumbing,Plumbing > Water Heaters & Softeners > Install / Repair Drain Pan Drain Plumbing,Labor > Plumbing > Water Heaters & Softeners > Install / Repair Drain Pan Drain Plumbing
Plumbing,Plumbing > Water Heaters & Softeners > Install / Replace Drain Pan,Labor > Plumbing > Water Heaters & Softeners > Install / Replace Drain Pan
Plumbing,Plumbing > Water Heaters & Softeners > Install New Water Heater Tank - Ground Up,Labor > Plumbing > Water Heaters & Softeners > Install New Water Heater Tank - Ground Up
Plumbing,Plumbing > Water Heaters & Softeners > Install New Water Heater Tankless - Ground Up,Labor > Plumbing > Water Heaters & Softeners > Install New Water Heater Tankless - Ground Up
Plumbing,Plumbing > Water Heaters & Softeners > Install Water Softener - Ground Up,Labor > Plumbing > Water Heaters & Softeners > Install Water Softener - Ground Up
Plumbing,Plumbing > Water Heaters & Softeners > Repair / Replace Overpressure Vent Plumbing,Labor > Plumbing > Water Heaters & Softeners > Repair / Replace Overpressure Vent Plumbing
Plumbing,Plumbing > Water Heaters & Softeners > Run Water Softener Regeneration Cycle,Labor > Plumbing > Water Heaters & Softeners > Run Water Softener Regeneration Cycle
Roofing,Roofing > Apply Elastomeric Coating Flat Roof,Labor > Roofing > Apply Elastomeric Coating Flat Roof
Roofing,Roofing > Clear Scuppers,Labor > Roofing > Clear Scuppers
Roofing,Roofing > Install / Replace Pipe Boot,Labor > Roofing > Install / Replace Pipe Boot
Roofing,Roofing > Install Downspout - Ground Up,Labor > Roofing > Install Downspout - Ground Up
Roofing,Roofing > Install Gutters - Ground Up,Labor > Roofing > Install Gutters - Ground Up
Roofing,Roofing > Install Satellite Dish,Labor > Roofing > Install Satellite Dish
Roofing,Roofing > Install Vent Cap,Labor > Roofing > Install Vent Cap
Roofing,Roofing > Install Whirlybird / Attic Vent,Labor > Roofing > Install Whirlybird / Attic Vent
Roofing,Roofing > Remove Old Satellite Cables,Labor > Roofing > Remove Old Satellite Cables
Roofing,Roofing > Remove Satellite Dish,Labor > Roofing > Remove Satellite Dish
Roofing,Roofing > Replace Downspout,Labor > Roofing > Replace Downspout
Roofing,Roofing > Replace Skylight Curb,Labor > Roofing > Replace Skylight Curb
Roofing,Roofing > Replace Skylight Inner Dome,Labor > Roofing > Replace Skylight Inner Dome
Roofing,Roofing > Replace Skylight Outer Dome,Labor > Roofing > Replace Skylight Outer Dome
Roofing,Roofing > Replace Vent Cap,Labor > Roofing > Replace Vent Cap
Roofing,Roofing > Replace Whirlybird / Attic Vent,Labor > Roofing > Replace Whirlybird / Attic Vent
Roofing,Roofing > Secure Gutters,Labor > Roofing > Secure Gutters
Teleconference,Teleconference > Client Meetings > Initial Consultation,Teleconference > Client Meetings > Initial Consultation
Teleconference,Teleconference > Client Meetings > Progress Review,Teleconference > Client Meetings > Progress Review
Teleconference,Teleconference > Technical Consultations > Design Consultation,Teleconference > Technical Consultations > Design Consultation
Teleconference,Teleconference > Technical Consultations > Engineering Review,Teleconference > Technical Consultations > Engineering Review
Thresholds / Transitions Install / Replace,Thresholds / Transitions Install / Replace,Thresholds / Transitions Install / Replace
Tile,Tile > Backsplash - Remove & Replace,Labor > Tile > Backsplash - Remove & Replace
Tile,Tile > Grout - Install New,Labor > Tile > Grout - Install New
Tile,Tile > Grout - Regrout,Labor > Tile > Grout - Regrout
Tile,Tile > Install New - Ground Up,Labor > Tile > Install New - Ground Up
Tile,Tile > Repair - Replace Individual Tile,Labor > Tile > Repair - Replace Individual Tile
Tile,Tile > Seal Tile & Grout,Labor > Tile > Seal Tile & Grout
Travel / Hauling,Travel / Hauling > Delivery > Local Delivery,Travel / Hauling > Delivery > Local Delivery
Travel / Hauling,Travel / Hauling > Delivery > Regional Delivery,Travel / Hauling > Delivery > Regional Delivery
Travel / Hauling,Travel / Hauling > Disposal > Debris Removal,Travel / Hauling > Disposal > Debris Removal
Travel / Hauling,Travel / Hauling > Disposal > Dumpster Rental,Travel / Hauling > Disposal > Dumpster Rental
Travel / Hauling,Travel / Hauling > Vehicle > Truck,Travel / Hauling > Vehicle > Truck
Travel / Hauling,Travel / Hauling > Vehicle > Van,Travel / Hauling > Vehicle > Van
Window Coverings & Accessories,Window Coverings & Accessories > Child / Safety > Install Alarms,Labor > Window Coverings & Accessories > Child / Safety > Install Alarms
Window Coverings & Accessories,Window Coverings & Accessories > Child / Safety > Install Child Safety Stops,Labor > Window Coverings & Accessories > Child / Safety > Install Child Safety Stops
Window Coverings & Accessories,Window Coverings & Accessories > Child / Safety > Install Security Bars,Labor > Window Coverings & Accessories > Child / Safety > Install Security Bars
Window Coverings & Accessories,Window Coverings & Accessories > Curtains > Install New - Ground Up,Labor > Window Coverings & Accessories > Curtains > Install New - Ground Up
Window Coverings & Accessories,Window Coverings & Accessories > Curtains > Remove Permanently,Labor > Window Coverings & Accessories > Curtains > Remove Permanently
Window Coverings & Accessories,Window Coverings & Accessories > Curtains > Replace,Labor > Window Coverings & Accessories > Curtains > Replace
Window Coverings & Accessories,Window Coverings & Accessories > Films & Coatings > Install Privacy Film,Labor > Window Coverings & Accessories > Films & Coatings > Install Privacy Film
Window Coverings & Accessories,Window Coverings & Accessories > Films & Coatings > Install Tint Film,Labor > Window Coverings & Accessories > Films & Coatings > Install Tint Film
Window Coverings & Accessories,Window Coverings & Accessories > Films & Coatings > Install UV Blocking Film,Labor > Window Coverings & Accessories > Films & Coatings > Install UV Blocking Film
Window Coverings & Accessories,Window Coverings & Accessories > Films & Coatings > Remove Privacy Film,Labor > Window Coverings & Accessories > Films & Coatings > Remove Privacy Film
Window Coverings & Accessories,Window Coverings & Accessories > Films & Coatings > Remove Tint Film,Labor > Window Coverings & Accessories > Films & Coatings > Remove Tint Film
Window Coverings & Accessories,Window Coverings & Accessories > Films & Coatings > Remove UV Blocking Film,Labor > Window Coverings & Accessories > Films & Coatings > Remove UV Blocking Film
Window Coverings & Accessories,"Window Coverings & Accessories > Horizontal Blinds > 2"" Faux Wood > Install - Ground Up","Labor > Window Coverings & Accessories > Horizontal Blinds > 2"" Faux Wood > Install - Ground Up"
Window Coverings & Accessories,"Window Coverings & Accessories > Horizontal Blinds > 2"" Faux Wood > Repair Louvres","Labor > Window Coverings & Accessories > Horizontal Blinds > 2"" Faux Wood > Repair Louvres"
Window Coverings & Accessories,"Window Coverings & Accessories > Horizontal Blinds > 2"" Faux Wood > Replace","Labor > Window Coverings & Accessories > Horizontal Blinds > 2"" Faux Wood > Replace"
Window Coverings & Accessories,"Window Coverings & Accessories > Horizontal Blinds > 2"" Faux Wood > Replace Rod","Labor > Window Coverings & Accessories > Horizontal Blinds > 2"" Faux Wood > Replace Rod"
Window Coverings & Accessories,Window Coverings & Accessories > Horizontal Blinds > One Inch Vinyl Or Aluminum > Install - Ground Up,Labor > Window Coverings & Accessories > Horizontal Blinds > One Inch Vinyl Or Aluminum > Install - Ground Up
Window Coverings & Accessories,Window Coverings & Accessories > Horizontal Blinds > One Inch Vinyl Or Aluminum > Repair Louvres,Labor > Window Coverings & Accessories > Horizontal Blinds > One Inch Vinyl Or Aluminum > Repair Louvres
Window Coverings & Accessories,Window Coverings & Accessories > Horizontal Blinds > One Inch Vinyl Or Aluminum > Replace,Labor > Window Coverings & Accessories > Horizontal Blinds > One Inch Vinyl Or Aluminum > Replace
Window Coverings & Accessories,Window Coverings & Accessories > Horizontal Blinds > One Inch Vinyl Or Aluminum > Replace Rod,Labor > Window Coverings & Accessories > Horizontal Blinds > One Inch Vinyl Or Aluminum > Replace Rod
Window Coverings & Accessories,Window Coverings & Accessories > Shades - Specialty > Bamboo Shades > Install New - Ground Up,Labor > Window Coverings & Accessories > Shades - Specialty > Bamboo Shades > Install New - Ground Up
Window Coverings & Accessories,Window Coverings & Accessories > Shades - Specialty > Bamboo Shades > Repair,Labor > Window Coverings & Accessories > Shades - Specialty > Bamboo Shades > Repair
Window Coverings & Accessories,Window Coverings & Accessories > Shades - Specialty > Bamboo Shades > Replace,Labor > Window Coverings & Accessories > Shades - Specialty > Bamboo Shades > Replace
Window Coverings & Accessories,Window Coverings & Accessories > Shades - Specialty > Cellular Shades > Install New - Ground Up,Labor > Window Coverings & Accessories > Shades - Specialty > Cellular Shades > Install New - Ground Up
Window Coverings & Accessories,Window Coverings & Accessories > Shades - Specialty > Cellular Shades > Repair,Labor > Window Coverings & Accessories > Shades - Specialty > Cellular Shades > Repair
Window Coverings & Accessories,Window Coverings & Accessories > Shades - Specialty > Cellular Shades > Replace,Labor > Window Coverings & Accessories > Shades - Specialty > Cellular Shades > Replace
Window Coverings & Accessories,Window Coverings & Accessories > Shades - Specialty > Motorized Shades > Install New - Ground Up,Labor > Window Coverings & Accessories > Shades - Specialty > Motorized Shades > Install New - Ground Up
Window Coverings & Accessories,Window Coverings & Accessories > Shades - Specialty > Motorized Shades > Repair,Labor > Window Coverings & Accessories > Shades - Specialty > Motorized Shades > Repair
Window Coverings & Accessories,Window Coverings & Accessories > Shades - Specialty > Motorized Shades > Replace,Labor > Window Coverings & Accessories > Shades - Specialty > Motorized Shades > Replace
Window Coverings & Accessories,Window Coverings & Accessories > Shades - Specialty > Roller Shades > Install New - Ground Up,Labor > Window Coverings & Accessories > Shades - Specialty > Roller Shades > Install New - Ground Up
Window Coverings & Accessories,Window Coverings & Accessories > Shades - Specialty > Roller Shades > Repair,Labor > Window Coverings & Accessories > Shades - Specialty > Roller Shades > Repair
Window Coverings & Accessories,Window Coverings & Accessories > Shades - Specialty > Roller Shades > Replace,Labor > Window Coverings & Accessories > Shades - Specialty > Roller Shades > Replace
Window Coverings & Accessories,Window Coverings & Accessories > Shades - Specialty > Roman Shades > Install New - Ground Up,Labor > Window Coverings & Accessories > Shades - Specialty > Roman Shades > Install New - Ground Up
Window Coverings & Accessories,Window Coverings & Accessories > Shades - Specialty > Roman Shades > Repair,Labor > Window Coverings & Accessories > Shades - Specialty > Roman Shades > Repair
Window Coverings & Accessories,Window Coverings & Accessories > Shades - Specialty > Roman Shades > Replace,Labor > Window Coverings & Accessories > Shades - Specialty > Roman Shades > Replace
Window Coverings & Accessories,Window Coverings & Accessories > Vertical Blinds > Clean & Lubricate Track (Dry Lubricant),Labor > Window Coverings & Accessories > Vertical Blinds > Clean & Lubricate Track (Dry Lubricant)
Window Coverings & Accessories,Window Coverings & Accessories > Vertical Blinds > Install New - Ground Up,Labor > Window Coverings & Accessories > Vertical Blinds > Install New - Ground Up
Window Coverings & Accessories,Window Coverings & Accessories > Vertical Blinds > Replace,Labor > Window Coverings & Accessories > Vertical Blinds > Replace
Window Coverings & Accessories,Window Coverings & Accessories > Vertical Blinds > Replace Headrail,Labor > Window Coverings & Accessories > Vertical Blinds > Replace Headrail
Window Coverings & Accessories,Window Coverings & Accessories > Vertical Blinds > Replace Louvres,Labor > Window Coverings & Accessories > Vertical Blinds > Replace Louvres
Window Coverings & Accessories,Window Coverings & Accessories > Vertical Blinds > Replace Rod,Labor > Window Coverings & Accessories > Vertical Blinds > Replace Rod
Windows,Windows > Build New Window Screen,Labor > Windows > Build New Window Screen
Windows,Windows > Install New - Ground Up,Labor > Windows > Install New - Ground Up
Windows,Windows > Repair / Rescreen Window Screen,Labor > Windows > Repair / Rescreen Window Screen
Windows,Windows > Replace Balance / Rope / Weight,Labor > Windows > Replace Balance / Rope / Weight
Windows,Windows > Replace Balance Springs,Labor > Windows > Replace Balance Springs
Windows,Windows > Replace Full Frame,Labor > Windows > Replace Full Frame
Windows,Windows > Replace Glass (Reglaze) - Dual Pane,Labor > Windows > Replace Glass (Reglaze) - Dual Pane
Windows,Windows > Replace Glass (Reglaze) - Single Pane,Labor > Windows > Replace Glass (Reglaze) - Single Pane
Windows,"Windows > Replace Glass (Reglaze), Triple Pane","Labor > Windows > Replace Glass (Reglaze), Triple Pane"
Windows,Windows > Replace Locking Mechanism,Labor > Windows > Replace Locking Mechanism
Windows,Windows > Replace Weather Stripping / Caulking,Labor > Windows > Replace Weather Stripping / Caulking
Windows,Windows > Retrofit - New Sash,Labor > Windows > Retrofit - New Sash
Windows,Windows > Seal Window Exterior For Leaks,Labor > Windows > Seal Window Exterior For Leaks
